track_id,x_mm,y_left_mm,y_right_mm,width_mean_mm,predicted_y_left_mean,predicted_y_left_std,predicted_y_right_mean,predicted_y_right_std,derived_width_mean,derived_width_std
Track_21,81.67452649819388,0.7609744784366562,1.2092588375289126,0.44828435909225645,0.5947994661722245,0.23169931397717433,1.296025056793359,0.16310415822641278,0.7012255906211347,0.28335055766354145
Track_21,55.547300012843486,0.8029203258187647,1.284678865713902,0.48175853989513745,0.616981887795854,0.23326936390088626,1.3315614741928123,0.1641979812766876,0.7145795863969584,0.28526404117950716
Track_21,88.27436272998781,0.707733075397898,1.1126596402836986,0.4049265648858006,0.5808333126398693,0.22983894669195698,1.3422513526273219,0.16173846849102988,0.7614180399874526,0.28104318815138024
Track_21,75.70267854752078,0.699562837046931,1.2591052178842612,0.5595423808373303,0.5981841635289052,0.23964818009315464,1.347466524592454,0.1686872675170316,0.7492823610635487,0.29306423262541553
Track_21,28.669695361679736,0.8901594415366412,1.3522459520286774,0.4620865104920361,0.6715319296591259,0.23349165678991157,1.3594457557089183,0.16430434160219132,0.6879138260497925,0.2855070409986896
Track_21,97.3991856118341,0.6575376641049803,1.1618238535535288,0.5042861894485485,0.5918574126819446,0.23784161342518553,1.3340132403211138,0.16738092965043747,0.7421558276391692,0.2908350197059152
Track_21,80.6751890890792,0.7382564521524536,1.21817470475497,0.4799182526025164,0.5953455582048245,0.2304042650101861,1.3117935603992799,0.16227741882917482,0.7164480021944554,0.28181569508589027
Track_21,82.61865155274869,0.7296102803304376,1.2535843635460295,0.5239740832155919,0.5898136271473898,0.23482593766159576,1.324437861511884,0.1652990843056183,0.7346242343644941,0.28717069535543416
Track_21,31.315831586328507,0.8900483891486647,1.3586710886176363,0.4686226994689717,0.6233989766665892,0.23906915856783412,1.3363722299025438,0.16827123257602203,0.7129732532359546,0.29235127892825424
Track_21,56.444581724231455,0.8185944930015807,1.306095999075597,0.4875015060740163,0.6113427790996543,0.23366682137144346,1.2834936401112715,0.1644589859245541,0.6721508610116173,0.2857392893201191
Track_21,50.23882105525692,0.7854969047364735,1.271996177378155,0.48649927264168147,0.6327370122102501,0.23051788372879808,1.3202670593310042,0.16224221355656354,0.687530047120754,0.28188832997933283
Track_21,93.58959837143436,0.687553375840662,1.1697719937776665,0.48221861793700443,0.5966177063106891,0.23566804007640885,1.3252214092696035,0.16589316303893897,0.7286037029589144,0.2882012606782278
Track_21,71.53086108260143,0.7338889191548029,1.2238013299684676,0.48991241081366466,0.6014199158596304,0.23310562798108703,1.308010764931494,0.1640484178920418,0.7065908490718636,0.2850440618734916
Track_21,85.48007485340187,0.6548882841588967,1.2154777325482007,0.5605894483893041,0.5990718128136242,0.23446397588749116,1.3194598212497783,0.16504001096214724,0.7203880084361541,0.2867255851983839
Track_21,55.90096973451129,0.8133116003526635,1.2996391295436844,0.48632752919102096,0.5731179961312263,0.1847667596659788,1.1557576665472336,0.13018544103251864,0.5826396704160073,0.22602434500357912
Track_21,39.04497726927093,0.8549401609308691,1.3415849814376983,0.48664482050682917,0.621833636580366,0.23531555886230834,1.3340288054833775,0.16560279652173407,0.7121951689030116,0.28774589216616
Track_21,64.5693470291888,0.812819800528872,1.2633093293919506,0.4504895288630786,0.6097848808901852,0.22996152451816404,1.3625489201178478,0.16186437874354684,0.7527640392276626,0.28121589546957076
Track_21,26.302407983169598,0.26071509544519667,0.2712419788412591,0.010526883396062446,0.633126682794955,0.23974215984099387,1.3614260599009553,0.1687148356762992,0.7282993771060003,0.2931569528128325
Track_21,85.8597721541588,0.7183781833762667,1.2087987580622335,0.49042057468596684,0.5882124496465755,0.23925234831492537,1.3320477286945431,0.1683919158306811,0.7438352790479676,0.292570544469763
Track_21,70.57952625331285,0.7387799820102069,1.2586451493411426,0.5198651673309357,0.5869729603013332,0.23554548571944114,1.3469139443758031,0.1657992568722082,0.75994098407447,0.2880469916909113
Track_21,80.43721645879606,0.7450623391752699,1.199422815406465,0.4543604762311951,0.6034776843689147,0.2338658780075902,1.2965259405236964,0.1646233676397149,0.6930482561547817,0.28599668192009114
Track_21,48.97002933653989,0.8207044784291332,1.309633794533779,0.48892931610464574,0.6362593541087976,0.16827503416214637,1.3287559724398637,0.11842483599858425,0.692496618331066,0.20576911552408222
Track_21,97.01521780928493,0.675337679980998,1.1653616480618358,0.49002396808083787,0.584663433247718,0.2240658496539955,1.3200843283673858,0.15776196255437333,0.7354208951196678,0.27403346841248133
Track_21,90.96626298998876,0.6574742037699042,1.1926803869080258,0.5352061831381216,0.5963614947695277,0.23849218631822808,1.3382957664027082,0.16791432655692878,0.7419342716331805,0.29167403723663055
Track_21,82.01975084962002,0.7549935465314949,1.2230451211511377,0.46805157461964275,0.5942638179607483,0.23527915816214387,1.2945565514047528,0.16563045383906583,0.7002927334440044,0.28773204462558916
Track_21,36.503034969728816,0.8389328378605178,1.3330657229836718,0.49413288512315406,0.6147018663629797,0.23300800079497092,1.2643821539509037,0.16397230559070558,0.649680287587924,0.2849204194774409
Track_21,57.718286541916264,0.7750939206773066,1.2896920613558644,0.5145981406785577,0.6235643138451501,0.23617238583316247,1.368865303350383,0.16626014866478311,0.7453009895052329,0.2888249173187174
Track_21,24.74188295692342,0.23891999986436632,0.23936244348684946,0.00044244362248314754,0.6228475040579682,0.21887062367210988,1.2105347905644424,0.15407173992252213,0.5876872865064742,0.2676610747743714
Track_21,33.35685906418587,0.8802441042732907,1.3604003219490508,0.48015621767576,0.6500401915019068,0.22221147961214832,1.3511903707802233,0.156561168652853,0.7011501792783165,0.27182593916211767
Track_21,74.58616784343423,0.7956226361225326,1.2650702928166941,0.46944765669416144,0.6087523662347382,0.23744089430173101,1.3172568377750413,0.16712948629292104,0.7085044715403032,0.29036260688205273
Track_21,79.39817193087487,0.6883307386679478,1.2679893678402996,0.5796586291723518,0.6000863496644152,0.23750960041699382,1.3050131405067782,0.16717977436142395,0.704926790842363,0.2904477358248411
Track_21,96.76661502601985,0.6782884853354013,1.1761178086953334,0.4978293233599321,0.5462825576420873,0.20783512214570546,1.3480578159845966,0.14633620556833632,0.8017752583425093,0.25418442725206175
Track_21,46.73213782180095,0.8151360246764712,1.325736299928916,0.5106002752524448,0.554659249415869,0.15988873706899567,1.2588300965186556,0.1126104800563608,0.7041708471027867,0.19556464010664726
Track_21,50.21244114820405,0.7870557854375041,1.2704007834552293,0.48334499801772524,0.6388607073103317,0.19375403245554026,1.2827326053922046,0.13655312299111544,0.6438718980818728,0.2370387742362191
Track_21,57.93932685294622,0.7775529231208255,1.2916275367318872,0.5140746136110618,0.61628572673438,0.2488066052166051,1.3980283217661789,0.17513505031960397,0.7817425950317989,0.3042647081898619
Track_21,36.100117890118675,0.8528460392439033,1.3448689434514103,0.492022904207507,0.6355804503035394,0.23501931605632695,1.2960443002027213,0.16540681747442665,0.6604638498991819,0.28739083873116417
Track_21,31.456798028733186,0.8914127401799795,1.3607176133835932,0.46930487320361386,0.6203426892089503,0.23918119993399695,1.3295276356197667,0.16833934200214412,0.7091849464108164,0.29248210281585
Track_21,58.41879583196837,0.7959399261322629,1.304763379324955,0.5088234531926918,0.5930320095122344,0.2030727149013163,1.3414477990411726,0.14307613166641694,0.7484157895289382,0.2484135805265428
Track_21,39.01929487274425,0.8543373083925817,1.343647371962726,0.48931006357014417,0.6222987524085256,0.23648081432062656,1.335112775726402,0.16642630869765382,0.7128140233178765,0.28917277148527215
Track_21,73.55418972632211,0.7324341675674773,1.2550439087755652,0.5226097412080879,0.6004280141769196,0.23032895840132472,1.2722387790231495,0.16214719548934975,0.6718107648462299,0.28167914740587485
Track_21,55.41267686623219,0.7851679018769131,1.2926111373293447,0.5074432354524316,0.6232307224113162,0.23861560047322075,1.3634080926788055,0.16793443145960232,0.7401773702674893,0.291786528234008
Track_21,86.25330707671193,0.7655593338478134,1.1797349163260593,0.4141755824782459,0.591949378657674,0.2376030954243294,1.3253914906376307,0.16723510608157763,0.7334421119799567,0.29055603876247266
Track_21,75.9285739190245,0.710699747876817,1.2354353267358118,0.5247355788589949,0.5897130260445292,0.19376733159475226,1.2780764496219192,0.13665719241191707,0.68836342357739,0.23710960974042872
Track_21,45.682712459884655,0.8347128701518731,1.2800305574776167,0.44531768732574356,0.5865098185479177,0.14387239814065225,1.317562700516364,0.1013565962206399,0.7310528819684462,0.1759898478440623
Track_21,86.2206833148617,0.763734910948818,1.1786402634890432,0.41490535254022515,0.5925207001085241,0.23879974583617541,1.3275175305674822,0.1680798707954949,0.7349968304589581,0.2920208238774287
Track_21,84.07676300752443,0.6980398392297357,1.2126379872698232,0.5145981480400875,0.590070440046007,0.24016036747587105,1.384080077782673,0.1690273291771713,0.794009637736666,0.2936788043337708
Track_21,51.53944931629885,0.8703446302755895,1.3451545043770536,0.474809874101464,0.609356325838925,0.23192504727159696,1.3443246053793436,0.1632456454107367,0.7349682795404187,0.2836165867813455
Track_21,43.808339789560335,0.8068864637637043,1.285170670762005,0.47828420699830076,0.6536107019635033,0.23242693215522658,1.3500126352148487,0.16373905784531495,0.6964019332513454,0.284311023098229
Track_21,74.54301338017063,0.7908950027716587,1.269036428149478,0.4781414253778192,0.6100431651124997,0.23569322974647292,1.3143974343045917,0.16589610653977083,0.704354269192092,0.2882235533633202
Track_21,32.22335535510901,0.8699321518856216,1.3600830343140073,0.49015088242838584,0.609969917745845,0.24107323641261938,1.3306569633409662,0.1696528186343488,0.7206870455951212,0.2947853188085084
Track_21,36.91391673522065,0.8222592057459858,1.3614156611887107,0.539156455442725,0.6392558189511585,0.24078142485831272,1.3629007913165334,0.1694258879870031,0.723644972365375,0.2944160764581034
Track_21,82.06753759036049,0.7603874907075646,1.231992722507492,0.47160523179992736,0.5656060494685087,0.17247389532823143,1.2317278419613262,0.12188319290572969,0.6661217924928176,0.2111936487742684
Track_21,82.68571452929723,0.7436186700940607,1.2526007638984467,0.5089820938043861,0.5858105639872109,0.22950233720328722,1.3199472703416326,0.16153044317132967,0.7341367063544217,0.28064819053914725
Track_21,73.16719569998034,0.7574964928485098,1.2640479788893746,0.5065514860408646,0.6092045586073612,0.24148854590690055,1.3248310578361635,0.16997448963246084,0.7156264992288023,0.29531008267589637
Track_21,76.31066640695701,0.7236293481878076,1.2127331666262502,0.4891038184384426,0.6058888018523916,0.23926918358800495,1.3627304908312639,0.168401888215683,0.7568416889788723,0.2925900513850015
Track_21,82.20264070881595,0.7546048030730278,1.2439957582761372,0.4893909552031093,0.5949232544425336,0.23412009824314725,1.3189585276687221,0.1647943031089519,0.7240352732261885,0.28630295621691726
Track_21,57.109684357533375,0.77793367402962,1.3037163142664023,0.5257826402367823,0.5965162150217199,0.2532762164861411,1.4215420201755393,0.17828864105351114,0.8250258051538194,0.30973485655676913
Track_21,65.67317400180585,0.7834268955306875,1.2907526590048322,0.5073257634741446,0.6083828569199353,0.1888459738269748,1.3226973378020428,0.1329790114994199,0.7143144808821075,0.23096800499207956
Track_21,32.22682631488727,0.8693610284907884,1.3598292016413107,0.4904681731505223,0.6097528432581222,0.2408457446150516,1.3300296076539062,0.16949235698525947,0.720276764395784,0.2945069299279684
Track_21,30.256671807244466,0.8486577983633931,1.3535627057827802,0.5049049074193871,0.630944607514215,0.23975031409873904,1.3222445961504339,0.16876101442114802,0.6912999886362189,0.29319019952736985
Track_21,73.44416633180114,0.7392876492553498,1.2503321359594504,0.5110444867041006,0.5961157172761798,0.2310644165016074,1.2773035198160176,0.16265912044723196,0.6811878025398378,0.28257521837184413
Track_21,58.05943707373694,0.7800927613935773,1.292569841657366,0.5124770802637887,0.5987534409128977,0.17619053672637916,1.3285305427729213,0.1242193371443288,0.7297771018600235,0.21557724590620872
Track_21,65.39986935812777,0.7637666356991012,1.2903901046490764,0.5266234689499752,0.5977852046606192,0.23010750773938468,1.3119836292382776,0.16192759232032045,0.7141984245776584,0.28137165861665403
Track_21,80.97610154995247,0.7434646823694782,1.2332506768760227,0.48978599450654453,0.598727958990626,0.2349053717894765,1.335575080078894,0.16532641990702582,0.7368471210882679,0.28725138609731093
Track_21,70.81765163192709,0.7165378937683258,1.2501417559931478,0.533603862224822,0.5859335923728647,0.23515250504522045,1.3511119984892765,0.16551430800156341,0.7651784061164119,0.2875616225824977
Track_21,64.49095337832593,0.8101862870839488,1.265990436077118,0.4558041489931692,0.6049625090390109,0.227724490665526,1.3486731223145583,0.1602657720534422,0.7437106132755473,0.27846644562812073
Track_21,64.92977041218874,0.8194194490691106,1.2711146865707945,0.45169523750168394,0.5909880289943593,0.19236892775285472,1.3239992832721827,0.13543964349300608,0.7330112542778234,0.2352651725060376
Track_21,45.02644379927365,0.7998763495494449,1.335597565722844,0.5357212161733991,0.6257129434795324,0.23284198126936473,1.353258860131812,0.1638840954892681,0.7275459166522796,0.2847338845233892
Track_21,31.817870881463364,0.8986945660168906,1.3489937183866463,0.45029915236975565,0.6131876064174048,0.24182143016832988,1.3322069522810076,0.17018415718880403,0.7190193458636028,0.29570297842044135
Track_21,55.37879500119627,0.7804402685260393,1.2934678237276722,0.513027555201633,0.6231366208903887,0.23653890651629822,1.3558822140294458,0.16647285818069973,0.7327455931390571,0.2892470687954805
Track_21,38.05829479755371,0.8734540781414366,1.3034466242647742,0.4299925461233375,0.5884698311695372,0.20195608134687518,1.2623202069796151,0.14220416334787184,0.6738503758100779,0.24699854830839366
Track_21,53.18081543208318,0.8182296090392003,1.3164396770446898,0.4982100680054896,0.6143878044220499,0.2288017165741522,1.2835649128002546,0.16103056285371797,0.6691771083782048,0.27978754025199887
Track_21,87.86930154046678,0.6873154088676688,1.111168374459582,0.4238529655919132,0.5849273092389558,0.22841916831468748,1.3076938323908252,0.1607729053973719,0.7227665231518694,0.2793264104296008
Track_21,39.56746034828875,0.8589856196269096,1.3274814043030796,0.46849578467617,0.6143894430656327,0.23404921680886814,1.3278242381789547,0.16469313641019345,0.713434795113322,0.2861867660627779
Track_21,25.872421128498548,0.26934656381416017,0.2791484098117321,0.009801845997571945,0.6312993901907886,0.23600860692747316,1.3325430702379306,0.16608453816558358,0.701243680047142,0.2885899103598768
Track_21,43.26687419316703,0.8043957281397633,1.316154118553101,0.5117583904133375,0.6365447499665096,0.2051399958100605,1.3691113019709233,0.1444102969201849,0.7325665520044138,0.25087198276716277
Track_21,44.21892207486791,0.8245595629471707,1.3019077661502885,0.4773482032031177,0.642897187511729,0.22945873402850817,1.342188066078348,0.1616451607280196,0.6992908785666191,0.28067858594619033
Track_21,72.93839433432194,0.7395256178312568,1.294150001024345,0.5546243831930883,0.6090435911495652,0.24036211185026474,1.35407135075395,0.16918144239250457,0.7450277596043847,0.29393248419174006
Track_21,64.76017705324952,0.8220846928448317,1.2619291152137209,0.4398444223688893,0.6251692269467088,0.18376562712857147,1.3453991522182427,0.1297957651755738,0.7202299252715338,0.22498165785563468
Track_21,82.44975311325351,0.7340047593373227,1.2631348172032026,0.52913005786588,0.5913022073679318,0.23246472807986185,1.3186097544041813,0.1636291552896621,0.7273075470362494,0.28427864897324323
Track_21,73.12529918594365,0.7558660964329404,1.2819501703003964,0.5260840738674559,0.6096734989062792,0.23981554908226208,1.3273226896202261,0.16879312390800383,0.717649190713947,0.2932620266250808
Track_21,53.013812835189555,0.8118044700755541,1.293039478628759,0.4812350085532048,0.611632498694991,0.19735392890674167,1.2492205422074447,0.13900281879656712,0.6375880435124537,0.24139253693583512
Track_21,84.79848929376705,0.6875112600742824,1.2181759684804887,0.5306647084062062,0.595730392683586,0.24309536684927396,1.334632674996166,0.17109339649324362,0.7389022823125799,0.2972680738107901
Track_21,34.345832314213695,0.8655059450413601,1.3150753286255308,0.4495693835841707,0.6527318252626247,0.23355951123260696,1.3485475242243452,0.16438085628740848,0.6958156989617205,0.28560656715313093
Track_21,63.12552823551116,0.7159350416456086,1.277397041539272,0.5614619998936634,0.6121264190484318,0.2280764027513985,1.3124554395848673,0.1605111043231294,0.7003290205364355,0.2788954286162623
Track_21,28.34770415066181,0.8867327031861263,1.33787267901508,0.4511399758289535,0.6701090411002983,0.23407878948144817,1.3562306741552956,0.16473684521894016,0.6861216330549973,0.28623610509121516
Track_21,77.65134327715892,0.7284045716918323,1.2430344402077664,0.5146298685159342,0.5935052145296266,0.23964314122438415,1.3697958966172197,0.16867169116137026,0.7762906820875931,0.29305114661971005
Track_21,57.34059981109082,0.7731901763444877,1.2925635419518824,0.5193733656073947,0.6149499897065083,0.2349937991229808,1.354841773550541,0.1653976954646327,0.7398917838440326,0.28736472172356725
Track_21,33.90129351207092,0.885780829713639,1.3253238220138854,0.43954299230024635,0.6526962781028413,0.2343742432711042,1.3487224058235803,0.16505300805006104,0.696026127720739,0.2866596961124397
Track_21,60.39463651284359,0.7097161409567552,1.3000198816398225,0.5903037406830673,0.6272668866851228,0.18026455629281982,1.2949174022202183,0.12699916764000982,0.6676505155350956,0.220508727348154
Track_21,33.20267478521835,0.8941414434596362,1.3452338191617532,0.4510923757021171,0.6339545267081652,0.24084228338128205,1.3744849036977138,0.16951261677335508,0.7405303769895486,0.294515759696591
Track_21,75.62098913546492,0.703402055568429,1.2654351694175447,0.5620331138491156,0.5962759042492407,0.23124412789344115,1.3419048761943397,0.1628388777595449,0.745628971945099,0.2828256473433521
Track_21,56.11477948580135,0.8197684679848264,1.2981478626509586,0.4783793946661322,0.5948327496144967,0.18522922947012108,1.1660362945180367,0.1304828480327222,0.57120354490354,0.2265736990050373
Track_21,51.035961489250866,0.7976850273599663,1.3505008519883175,0.5528158246283512,0.6133514206193765,0.20855097757744892,1.3130846046100277,0.14698868752264263,0.6997331839906512,0.25514541835615756
Track_21,44.83634332877078,0.8017780797415046,1.325926680013953,0.5241486002724484,0.6382699175072871,0.19222647280071192,1.3237772500356033,0.13552852379945898,0.6855073325283162,0.23519990988234532
Track_21,70.47178178619467,0.755469481071153,1.2688301868172756,0.5133607057461226,0.5874206157375087,0.2311222539821946,1.3349865399230922,0.16268141965798957,0.7475659241855835,0.28263534914753496
Track_21,49.53819549242449,0.7808038370003776,1.2891250957572271,0.5083212587568495,0.6410423682854427,0.22946127118560627,1.3141139420572636,0.1615858650888694,0.6730715737718209,0.28064651569302024
Track_21,28.160727886160956,0.8966480436553044,1.3305273929915105,0.4338793493362062,0.6618129113232322,0.22477321224368685,1.3324440108613402,0.15825535974083763,0.6706310995381081,0.2748958999858809
Track_21,30.527694872547897,0.8480390807784411,1.3529598558566485,0.5049207750782073,0.6236372928699591,0.23342602047793112,1.2762721887484902,0.1642799733942034,0.6526348958785312,0.2854393397809133
Track_21,96.32902157058726,0.6897744123204296,1.1820987434501191,0.4923243311296896,0.5458096222328777,0.19127804175201363,1.3646057809326217,0.13463891974222422,0.8187961586997441,0.23391222277990983
Track_21,92.17170214821957,0.6844597912404642,1.1990579338187715,0.5145981425783074,0.5983078534252289,0.23830600849766642,1.3165509450356785,0.1677233767263434,0.7182430916104496,0.29141188168394366
Track_21,75.88506709873005,0.7113660579896068,1.238354402234355,0.526988344244748,0.5988723719802346,0.23109933261031534,1.3163087051878597,0.16265527647965028,0.7174363332076251,0.28260155785063296
Track_21,42.05719629516985,0.853226788490417,1.336984263473298,0.48375747498288096,0.6359038105913659,0.15862357365129634,1.2755603045564055,0.11190386529004673,0.6396564939650395,0.19412344831256517
Track_21,96.89656942458882,0.6764164691961619,1.1730876814321693,0.49667121223600735,0.5967053494803333,0.2502869993901455,1.40364016507072,0.17616116653537908,0.8069348155903867,0.3060659057438908
Track_21,82.04839890854191,0.7594038891602323,1.2289150012916779,0.46951111213144553,0.5698219488621454,0.18295419755743186,1.2447041284223643,0.1292159979371918,0.6748821795602189,0.22398440241853487
Track_21,77.22489276000441,0.7179609172874026,1.22217376364602,0.5042128463586172,0.5913799739868738,0.23556794775530465,1.358118579726903,0.16579377152466213,0.7667386057400293,0.2880622028069941
Track_21,56.36470272246243,0.8274627712618308,1.3029706824823204,0.47550791122048974,0.6029121274630748,0.23711964422426465,1.3019818081606016,0.16691919952093562,0.6990696806975268,0.28997886965389696
Track_21,42.55401327719376,0.8511168037752707,1.3316855110020276,0.48056870722675704,0.6368851297631688,0.23491953478848818,1.3393090949760462,0.16537548576088532,0.7024239652128774,0.2872912096042768
Track_21,28.842298960832508,0.880926278364136,1.3616694905368456,0.4807432121727096,0.6666943068128548,0.23550035644426154,1.3590464929198804,0.16572118856839435,0.6923521861070256,0.2879651545341824
Track_21,91.7055526905751,0.6703720792118771,1.1966623851502558,0.5262903059383788,0.5970376003331413,0.23083849874227874,1.3063377609950662,0.16244971188382906,0.7093001606619248,0.2822699441894728
Track_21,56.86488717652277,0.7960839664179181,1.2985586415207575,0.5024746751028394,0.5978745919497399,0.19736868145444667,1.2534584744717372,0.13906716934224572,0.6555838825219973,0.2414416575654079
Track_21,37.10535471946885,0.849736592684134,1.3598926627778436,0.5101560700937097,0.6282661203505291,0.2395083361343408,1.3420847297825986,0.16860243508780942,0.7138186094320695,0.29290104847094584
Track_21,45.18289997591324,0.8166272918066656,1.3134730123428708,0.4968457205362054,0.6257620723383505,0.23351773179554708,1.3561610349557445,0.1643708736419431,0.730398962617394,0.28556665625516
Track_21,66.49021106154518,0.76256093180987,1.2473813302488441,0.48482039843897423,0.6190875678808222,0.16166458661191022,1.2573884847822667,0.1139455227314648,0.6383009169014445,0.19778528943009532
Track_21,35.10996347136295,0.8564472891894944,1.349644167014802,0.49319687782530763,0.6690800561545801,0.22591645190583723,1.3120057445524653,0.15900135031213058,0.6429256883978852,0.27626015391801134
Track_21,88.11969139133095,0.7084799674413507,1.1012284196321926,0.3927484521908419,0.5894269796492988,0.2388180705091052,1.3623117098671025,0.168077547734429,0.7728847302178037,0.2920344720304629
Track_21,80.47088468457902,0.7454430881843149,1.201405883785263,0.4559627956009481,0.5894961078211901,0.24389298155860045,1.3094138587905122,0.1716559709831969,0.7199177509693221,0.29824412622502383
Track_21,77.42550079498167,0.7078599888252547,1.2356257006466627,0.5277657118214079,0.5957265104796877,0.22311751414485945,1.3492872864936785,0.15721300493477422,0.7535607760139907,0.27294203421020163
Track_21,55.01821756348419,0.7684784042407792,1.2986079383181386,0.5301295340773594,0.5944053706494441,0.23914952013534352,1.2691647835261193,0.16832301179621598,0.6747594128766752,0.29244679735143986
Track_21,70.2399074357325,0.7651468528456897,1.2661014876042704,0.5009546347585807,0.5956869802988141,0.2359671548270313,1.3377165967374478,0.16609858426145033,0.7420296164386337,0.2885640966073608
Track_21,66.87059774682456,0.7239466359415853,1.292420762706088,0.5684741267645027,0.6145479481367284,0.22521563958243446,1.2991527001195067,0.15851200849411742,0.6846047519827783,0.27540541234580734
Track_21,71.9972590664925,0.7589596805582008,1.219697699128869,0.4607380185706682,0.6027504737625867,0.24005136739873192,1.3242052939282507,0.16894484077711958,0.721454820165664,0.2935421915418757
Track_21,27.910775673985754,0.9167325527544515,1.2724631730303821,0.35573062027593055,0.6630028087836576,0.23565465432550486,1.3586274721329168,0.16586021309957127,0.6956246633492592,0.2881713490177474
Track_21,53.74836684540784,0.798208555377337,1.331526860772851,0.5333183053955138,0.5960083224812778,0.22841437231903636,1.2406727931021073,0.16073770772293014,0.6446644706208295,0.2793022308645627
Track_21,61.4221807770333,0.7483463033262002,1.3304480689455314,0.5821017656193311,0.6084675439129135,0.16166739321641416,1.2373814794821842,0.11401289861384777,0.6289139355692708,0.19782640642675134
Track_21,59.844613779305604,0.7621801820884188,1.3174391472007174,0.5552589651122987,0.6163323002332602,0.18400466400920082,1.272829989840299,0.1296739867718942,0.6564976896070388,0.22510677293776898
Track_21,47.04682813185012,0.778488932852726,1.3276083160681553,0.5491193832154293,0.605120480630522,0.23393663579500626,1.2971522001473579,0.16463116490572027,0.6920317195168358,0.2860590324134161
Track_21,32.59542266336375,0.8926501760919731,1.3434252646339842,0.45077508854201115,0.6286808274616497,0.24570746297674348,1.3747471205496369,0.1729193246742524,0.7460662930879872,0.30045507186311116
Track_21,29.389050676869676,0.8976249682110926,1.3139809893946799,0.4163560211835873,0.6634868147023842,0.21509143498164435,1.323669013035223,0.15157135298360322,0.6601821983328389,0.2631315268981332
Track_21,67.14713937277351,0.7291343421100145,1.3154243484911217,0.5862900063811071,0.6163206464855132,0.22464846066458044,1.294605657599993,0.15811882935517427,0.6782850111144797,0.2747152982191131
Track_21,34.628100743788096,0.8442950517057898,1.3398240144509244,0.4955289627451346,0.6502579584548638,0.2361067147640045,1.3500464577269577,0.16617831035938285,0.699788499272094,0.28872410981861274
Track_21,93.46134180571124,0.6624080771469025,1.172738662753922,0.5103305856070196,0.5926419350130484,0.23483607568618659,1.2962831316793955,0.16529902948859762,0.7036411966663471,0.28717895395303716
Track_21,66.63380506792436,0.7394145646418233,1.250221080751533,0.5108065161097097,0.6099040576720026,0.22702340173411503,1.2812948390535723,0.15978892474957512,0.6713907813815697,0.27761866905443294
Track_21,48.37305026363103,0.8166907498561053,1.3303846149330596,0.5136938650769541,0.6325567242289585,0.22970894327167427,1.2858023235334717,0.16168892375702437,0.6532455993045132,0.280908359940914
Track_21,67.40218491212858,0.7532801765844641,1.3277669608355518,0.5744867842510877,0.6129296816166203,0.22774543974884767,1.2824380869038607,0.16031308197448255,0.6695084052872404,0.2785108069331479
Track_21,88.19437924062998,0.7057658727781706,1.0989368117425546,0.393170938964384,0.5873159498511269,0.23710554355617064,1.3563827379922906,0.16687222330059956,0.7690667881411637,0.2899403002246364
Track_21,96.06871031389781,0.6628364190993556,1.1822256600239363,0.5193892409245806,0.5800054025429184,0.2392919247407165,1.3875597451745167,0.1684071797497204,0.8075543426315983,0.2926116939518504
Track_21,58.93330584230178,0.7861356421770802,1.3019077573639464,0.515772115186866,0.6112015100769956,0.23460448901259884,1.3220335006470936,0.16509363355476347,0.7108319905700979,0.28687135462638497
Track_21,82.35907116508676,0.7524710856823332,1.2575663632130718,0.5050952775307386,0.5928713692624048,0.23402909662027946,1.3209328529237645,0.16473085100286225,0.7280614836613597,0.28619201829721125
Track_21,27.777103779654006,0.9198737315150846,1.2176511819025435,0.2977774503874589,0.6527093329591029,0.21219890751636392,1.3168066005676184,0.14964277147836627,0.6640972676085155,0.2596561869219852
Track_21,59.27287284448758,0.7573097697292192,1.3080949289390291,0.55078515920981,0.6084602544042509,0.22872558181989522,1.3278378374431914,0.1609390912734506,0.7193775830389405,0.2796726351983219
Track_21,59.58856194419353,0.7584761920429411,1.318105204237832,0.5596290121948908,0.6147330954839635,0.23366753118959152,1.3190412543742376,0.16444185936317476,0.7043081588902741,0.2857300128496425
Track_21,94.4521013353764,0.6974845767555484,1.1554939057010103,0.458009328945462,0.5848083943206298,0.2357636844433476,1.3468069422557456,0.16592718278385918,0.7619985479351158,0.288299054609776
Track_21,65.90607011959257,0.7981292346856034,1.2832669247669053,0.4851376900813019,0.6128643554735379,0.22306630133163505,1.2875037984173836,0.15698977172610368,0.6746394429438457,0.27277163198615423
Track_21,58.24604323271066,0.7942741494254763,1.3038115073960141,0.5095373579705379,0.5910067073631127,0.19327510198458078,1.329823806392511,0.13623815154757013,0.7388170990293983,0.23646585162396871
Track_21,42.14341189482565,0.8598749760597472,1.3403380392562776,0.4804630631965304,0.6427040182148616,0.17134765639465188,1.2721761599460568,0.12092142944291036,0.6294721417311953,0.209718886728059
Track_21,47.17999037416688,0.7793773472071643,1.3318600132170901,0.5524826660099258,0.6067000175540666,0.23452754117744554,1.2959458877071828,0.1650512655591357,0.6892458701531162,0.2867840438961184
Track_21,61.92507439393296,0.7512812450587512,1.2941499995995327,0.5428687545407815,0.6200295433455947,0.23042602540799603,1.3140153553427367,0.16222654776253287,0.693985811997142,0.2818041979536071
Track_21,55.549874746111506,0.8029203258187647,1.284678865713902,0.48175853989513745,0.6161085448374517,0.2332927788229012,1.3295996340530567,0.16421818029266966,0.713491089215605,0.2852948148662132
Track_21,57.41250207582268,0.773396414589597,1.2935947374518648,0.520198322862268,0.6139019357989862,0.2342387852905206,1.3552384341804564,0.16486722708471038,0.7413364983814702,0.28644198557645156
Track_21,85.7553461059095,0.7024184536648936,1.2134470702167526,0.5110286165518589,0.572576501331485,0.22486751462783386,1.259615013044513,0.15844227078817635,0.687038511713028,0.27508062873894423
Track_21,91.2032756563747,0.6690394558992044,1.1902213828022261,0.5211819269030218,0.5964411091631323,0.22687738356645404,1.3102712743808203,0.15983438922636004,0.7138301652176879,0.277525456766264
Track_21,32.26207749332178,0.8665688688536565,1.3518493374980303,0.4852804686443739,0.6056031452351411,0.23815580647829246,1.3234523010720303,0.16759464648049227,0.7178491558368891,0.29121496130564284
Track_21,64.52656729099964,0.8107794445185434,1.2662917997628924,0.4555123552443489,0.6079039989201501,0.22930631469747773,1.3606353886753442,0.1613863893512893,0.752731389755194,0.28040497967758105
Track_21,29.79239073590393,0.8765317995056688,1.3086184599247586,0.4320866604190899,0.6387919709843314,0.2405275445109667,1.3364408220668977,0.16932012101418195,0.6976488510825664,0.2941475871883573
Track_21,73.74336148710675,0.7258821110801393,1.2614055880274906,0.5355234769473513,0.5908538742380797,0.22003012964604549,1.272863902811352,0.15508647267816994,0.6820100285732723,0.269193372800692
Track_21,43.255169709217064,0.8042212180882337,1.3167728361380528,0.5125516180498192,0.6372645383170947,0.20399341416310318,1.3681202637806058,0.1436070548755381,0.7308557254635111,0.24947204098244188
Track_21,72.74393738826055,0.7292453938746357,1.2872013290564852,0.5579559351818495,0.5979178573912861,0.19622996672230553,1.244313780089084,0.1382732994357713,0.6463959226977979,0.24005354647805477
Track_21,78.0127717375432,0.7298323821973991,1.2278838027046022,0.4980514205072031,0.5993169761902982,0.23384353880433875,1.3037728061966471,0.16458372564996362,0.7044558300063489,0.2859555968841295
Track_21,81.26059892453586,0.7192665963058927,1.217048323961843,0.4977817276559503,0.5991247860152565,0.2325425368989532,1.2992821834329864,0.16368507766635182,0.7001573974177299,0.2843744646026444
Track_21,29.727298703037995,0.8764842060279561,1.3099193514818215,0.4334351454538653,0.6463930024986554,0.21845199271601015,1.2925316129254396,0.15385470384353525,0.6461386104267842,0.2671938304234918
Track_21,92.75113643370736,0.6817628166590078,1.186302840947155,0.5045400242881471,0.6023844567448271,0.2384974757785318,1.3328300283807504,0.16790149194951384,0.7304455716359233,0.2916709737899951
Track_21,39.276969881883986,0.8487053951656676,1.3455352523174893,0.49682985715182176,0.6244592025546835,0.2323207755609142,1.3513923269143735,0.16348460996247224,0.72693312435969,0.2840777366352498
Track_21,51.35317937848589,0.8451676017259696,1.3551650299019073,0.5099974281759376,0.6141803687216503,0.23418230347374902,1.3463272674498183,0.164821704937455,0.7321468987281681,0.2863695962890624
Track_21,64.5902192028911,0.815314499868287,1.26118788761752,0.44587338774923296,0.6089416103088777,0.2294856217025366,1.3610004913351992,0.16153001721575933,0.7520588810263215,0.2806342762919798
Track_21,50.24851003299513,0.7850409881527205,1.2727487353214704,0.4877077471687499,0.6335108649456564,0.2299368039539801,1.3190345916816026,0.16182964439808395,0.6855237267359462,0.28117568817125954
Track_21,86.0280838394917,0.7385896111864493,1.206165243904904,0.4675756327184548,0.5914352423856856,0.23755963726431448,1.3201956071272485,0.1672097083901359,0.7287603647415629,0.2905058826204161
Track_21,84.34866608219019,0.6980667213598887,1.2130404549931724,0.5149737336332836,0.5933781385328994,0.23402775028014045,1.3057168218850101,0.16469799398107926,0.7123386833521107,0.28617200618260236
Track_21,46.0548223560983,0.8632373173991997,1.2817280635653263,0.41849074616612664,0.5759776567412053,0.18356563612083582,1.2713371516462564,0.12925721685204888,0.6953594949050511,0.22450784145054867
Track_21,95.62739359397202,0.6557766970291555,1.1710570186257838,0.5152803215966282,0.579451700230135,0.23280104807616642,1.3504536875558204,0.1638202968016465,0.7710019873256854,0.28466369215188136
Track_21,44.010270836161084,0.817896455882555,1.283552488245337,0.46565603236278214,0.6695307296087998,0.20555168999413811,1.334126995667719,0.14524849356646144,0.6645962660589193,0.25169152179358895
Track_21,61.48723100523955,0.7531056657017939,1.3307494950959406,0.5776438293941467,0.6209930752847178,0.15239240476177365,1.3170848033308302,0.10720445330237603,0.6960917280461124,0.18632294500929716
Track_21,41.28487729114858,0.84743623168345,1.3036687298125005,0.4562324981290506,0.6260682030144521,0.2396528014801844,1.3713767563017358,0.16862354398266027,0.7453085532872837,0.29303133764594674
Track_21,94.31308327796066,0.7126828077364253,1.1501951487178346,0.43751234098140934,0.5808609112456292,0.22947483558061854,1.3111866329046318,0.16151854236576613,0.7303257216590026,0.2806188512782306
Track_21,34.16141663706714,0.866790971789227,1.3248002923342337,0.45800932054500654,0.6438546531547797,0.2354853147063101,1.3470898406563234,0.16579772119617212,0.7032351875015437,0.2879969058795138
Track_21,24.82818838010526,0.23891999986436632,0.23936244348684946,0.00044244362248314754,0.6280193278300252,0.23797111956889966,1.272748132327239,0.16747787365739844,0.6447288044972137,0.29099672148269823
Track_21,55.252452005892856,0.7764741955768495,1.2899941816216423,0.5135199860447929,0.6110088056861673,0.23155258203394852,1.3233041636889153,0.16299147763084676,0.712295358002748,0.2831657112485113
Track_21,98.70549484805247,0.7262311328157961,1.0527392680426517,0.32650813522685573,0.5884052724163826,0.18764050592404108,1.2644981711310679,0.13274476725981887,0.6760928987146853,0.22984806437795724
Track_21,90.85368033043832,0.6621859729052539,1.1786244034292213,0.5164384305239673,0.5961709460797509,0.23818773796411105,1.3271571193307437,0.16764641420726528,0.7309861732509928,0.2912708682876027
Track_21,79.69804797552794,0.6968341318972082,1.233737820885571,0.5369036889883626,0.5674372714386855,0.19614720255434012,1.2090113791085626,0.13835676279238138,0.6415741076698771,0.2400339952595895
Track_21,90.78469115885477,0.667056387401672,1.1812103245837755,0.5141539371821034,0.5955186672812657,0.24417647259064043,1.3545790615031,0.17184367323475291,0.7590603942218342,0.29858398784533025
Track_21,90.99164484810967,0.6551738456188445,1.1932515100653902,0.5380776644465458,0.5952884334067448,0.23945360258525322,1.34469231357823,0.16861286152761895,0.7494038801714853,0.2928622967600787
Track_21,61.7836268988877,0.744983021956516,1.3120134731687874,0.5670304512122712,0.6176413191757898,0.2314259601204789,1.3062918986192322,0.16291602929421847,0.6886505794434424,0.28301874075523714
Track_21,45.960486629757014,0.8666799230523319,1.2861384069064699,0.41945848385413803,0.6014545613684429,0.23152634301622185,1.3132266277801985,0.1629244802180849,0.7117720664117556,0.2831056936283662
Track_21,81.5229756164749,0.7593880241135677,1.215858486069151,0.45647046195558344,0.6022661052274985,0.2370015707118706,1.3246452294188111,0.16680867911388753,0.7223791241913127,0.28981870185965175
Track_21,72.91849143684087,0.7362733865639128,1.2942134583613787,0.5579400717974659,0.6085188158996981,0.23896989526800597,1.3515935312627556,0.1681986271360903,0.7430747153630575,0.29222831658630766
Track_21,50.46180268362262,0.7839325477206518,1.2883824223563785,0.5044498746357267,0.6193420086831496,0.23670939017979511,1.3404240467516793,0.16663697294109964,0.7210820380685297,0.28948094263744417
Track_21,28.69225471363511,0.8886338646213213,1.3532479358097864,0.464614071188465,0.6742220077599554,0.2317866285093898,1.3589195517987165,0.1630987519553498,0.684697544038761,0.2834188491352377
Track_21,79.55626004571639,0.6972148817373937,1.2447795442850942,0.5475646625477004,0.5989657616879985,0.2314259233385718,1.287850313814593,0.1628964900463865,0.6888845521265944,0.28300746361632056
Track_21,41.79134935886269,0.839234263298521,1.3263074268857797,0.4870731635872586,0.6026760517950371,0.25257036508836356,1.4138618067845252,0.17778581679230637,0.8111857549894881,0.3088682339985399
Track_21,94.37309028259838,0.706939844407171,1.1529555784991063,0.4460157340919354,0.5652015994043649,0.1980629412307194,1.2905756288141388,0.13971696495584957,0.7253740294097739,0.24238349569522571
Track_21,40.11570008016518,0.8448661758427126,1.3067623111475037,0.46189613530479107,0.5780376459471172,0.18155149933241033,1.2813777830513295,0.1278276145035541,0.7033401371042124,0.22203793806355576
Track_21,30.898228051773533,0.8391590933241542,1.3736635874661187,0.5345044941419647,0.6185999790076456,0.2364557643911321,1.2886785762124013,0.16641101006809791,0.6700785972047557,0.289143481312789
Track_21,86.13123745078278,0.7567227825937993,1.1851764551671853,0.42845367257338596,0.5903272246423173,0.23496952421052672,1.312057973097928,0.1653865322887698,0.7217307484556107,0.28733844568770395
Track_21,33.27848185912008,0.8927612278565943,1.3537530782688187,0.4609918504122244,0.6360534597755731,0.23874758508223626,1.373569116143235,0.168042128945376,0.7375156563676619,0.2919564462091804
Track_21,35.304548698399124,0.8581447945647981,1.354704956134477,0.4965601615696789,0.659684910689345,0.23009647094459787,1.3121306616789967,0.16194334376183245,0.6524457509896517,0.2813716981679593
Track_21,68.06241125980728,0.7594242874119017,1.2871972989468348,0.5277730115349331,0.6070828820385097,0.2262146346234625,1.2664435540805095,0.15924057925582316,0.6593606720419998,0.27664168702413006
Track_21,89.51914361691172,0.7143803162878728,1.209655446835248,0.4952751305473753,0.5824160820321921,0.2369483710306896,1.3784423763926785,0.1667599475131184,0.7960262943604864,0.28974714947463304
Track_21,36.643072371815876,0.8330946873383693,1.3432824896032591,0.5101878022648899,0.6410273163404652,0.1993873911307653,1.3602331718948864,0.140258043861491,0.7192058555544212,0.24377787145223972
Track_21,45.52341473652804,0.8395515555048368,1.2830130903131933,0.44346153480835643,0.6542604713083874,0.1758877516247011,1.314013962277548,0.12408259639431535,0.6597534909691606,0.21525099744146856
Track_21,81.94344124163968,0.7502909688249467,1.2048868328805953,0.45459586405564867,0.5787555496820058,0.2051149962596787,1.2832678905561574,0.14467629679355593,0.7045123408741516,0.25100476597966237
Track_21,97.10320341357803,0.6727367773474682,1.1641819425045499,0.4914451651570816,0.5762625425074948,0.22807551562185233,1.3349157702558925,0.16066249907599853,0.7586532277483977,0.2789818621980989
Track_21,60.37096457605338,0.7117943960535099,1.3014159615771228,0.589621565523613,0.6231667608078703,0.22882963274120302,1.3152000007764468,0.16104495433292762,0.6920332399685766,0.27981865223134894
Track_21,32.54655763970432,0.8907147028531687,1.3410138559056468,0.4502991530524782,0.6117581121755126,0.24397797658927547,1.3433895073970434,0.17170121878906533,0.7316313952215309,0.29833967485778273
Track_21,71.19543019707466,0.7307366582739401,1.238624101615997,0.5078874433420569,0.5838969695094238,0.23666891142848429,1.3541127675491382,0.1665921778625901,0.7702157980397144,0.2894220574899995
Track_21,39.233463630444305,0.8565742092066078,1.3463443429821516,0.4897701337755439,0.6273304805282831,0.20125234750716217,1.3349883677978007,0.14172433193376807,0.7076578872695176,0.24614689443341844
Track_21,31.605003529152505,0.8937130990434453,1.3586710867178868,0.46495798767444146,0.6167192987629102,0.24309510498831793,1.3389029442879075,0.17109005888743836,0.7221836455249973,0.2972659387137861
Track_21,74.16586802929692,0.7080027712768767,1.2805223599135638,0.5725195886366871,0.586192365523442,0.20998332244293932,1.2514683481287112,0.1481180391349209,0.6652759826052692,0.2569668251377002
Track_21,30.82606906339049,0.8373463803316018,1.3745039038924107,0.5371575235608089,0.6218203543317694,0.23931168162895125,1.302148702738525,0.16842388105945427,0.6803283484067556,0.2926374628703675
Track_21,60.806739493493765,0.6976273595040063,1.2948480374309645,0.5972206779269583,0.6188770209018521,0.23072808999000224,1.3128423931872555,0.16240579850613138,0.6939653722854033,0.28215438132137644
Track_21,75.46052407216398,0.712000636109318,1.271162269599884,0.5591616334905662,0.6021461692217503,0.2412689268058344,1.3536146159467008,0.169828356636096,0.7514684467249505,0.2950463789978723
Track_21,66.63813022928176,0.7389544930116114,1.2508873913392602,0.5119328983276489,0.6093785066230146,0.22687989197701222,1.281454057526673,0.159687119622971,0.6720755509036584,0.27744271761389194
Track_21,36.903581263453354,0.8229096517619858,1.3607810792695003,0.5378714275075145,0.6380553755992339,0.24078922657441929,1.3672817280235428,0.1694283247314211,0.7292263524243089,0.2944238591819673
Track_21,84.02687302016582,0.697405256835588,1.2157950301569296,0.5183897733213417,0.5878713647878531,0.2408949968129441,1.3848437090223025,0.16953843615236205,0.7969723442344494,0.29457372731202097
Track_21,77.10925318410256,0.723665290881717,1.2186026067014724,0.4949373158197554,0.5606587884271615,0.17284171553322228,1.3183067032066598,0.12192740259048247,0.7576479147794982,0.21151962114879302
Track_21,78.9476282902304,0.7210275603243079,1.2420191107043232,0.5209915503800153,0.601102321584974,0.2355313262175945,1.3046123702269128,0.16578350496713223,0.7035100486419388,0.288026346275833
Track_21,31.545395301726597,0.8923011545344178,1.361130090348749,0.46882893581433127,0.6136326224481599,0.22064765025030653,1.301250129619432,0.15533729936181942,0.6876175071712722,0.26984266181240707
Track_21,30.97587977401419,0.8509422921801943,1.3749957044286083,0.5240534122484138,0.6211034461489383,0.2235142993748912,1.2495729052644688,0.15733261922362304,0.6284694591155305,0.273335316226817
Track_21,93.65178720944752,0.6971355586412893,1.16639284878613,0.4692572901448406,0.5935853476641207,0.23375084226882226,1.3217155545245247,0.1645352775031226,0.728130206860404,0.2858519088696337
Track_21,52.326968809304944,0.827367586206155,1.2781585431193925,0.45079095691323756,0.5712871338432493,0.18458209466474265,1.2253838749043093,0.12998767828043348,0.6540967410610601,0.22575948745415217
Track_21,44.79241317581382,0.805268279109818,1.3235628633385161,0.518294584228698,0.6279668703468263,0.2340660476402261,1.3552634265120824,0.16473360846415622,0.7272965561652561,0.2862238222362676
Track_21,59.42302784713494,0.7571352603900955,1.3177722982201443,0.5606370378300488,0.6136273021784462,0.23680753031346047,1.362284845641309,0.1666633856688344,0.7486575434628628,0.28957639844393246
Track_21,73.01228981582739,0.7524393553515355,1.2943245120257496,0.5418851566742141,0.6097204359446802,0.24295440303195914,1.356210139728684,0.17100859794549556,0.7464897037840039,0.2971039927767713
Track_21,95.83978307307757,0.6566968417143917,1.1649174443279129,0.5082206026135213,0.589891449493903,0.24112078431407102,1.3733526819729034,0.1696976253789959,0.7834612324790003,0.29484999014329777
Track_21,43.66160295438018,0.8040784388424391,1.2932457209108361,0.48916728206839694,0.6669883537910013,0.16173023521779784,1.2780782939276447,0.1142516356440606,0.6110899401366434,0.19801541664968259
Track_21,93.43703826953248,0.6602187702855266,1.173991960833272,0.5137731905477455,0.5980026572433043,0.23338808127326355,1.3069274783910538,0.1642869130091796,0.7089248211477496,0.28541230924138716
Track_21,42.10346243552321,0.85605099134975,1.3376201667955943,0.48156917544584427,0.6523196680201004,0.1529865416261269,1.2790034172282279,0.10816984526271185,0.6266837492081274,0.18736487755948733
Track_21,64.61716478836635,0.8187214102878039,1.2605806292290707,0.4418592189412668,0.6050810444796959,0.17974230665262864,1.3522430412822073,0.12677650204864538,0.7471619968025114,0.21995358208607962
Track_21,70.75970096145754,0.7169345063992231,1.251680617313461,0.534746110914238,0.5847677968041267,0.23425921340914718,1.3450898975566716,0.16489372949826409,0.7603221007525449,0.286473944879668
Track_21,29.583550975754708,0.8806565810306614,1.3181847783911276,0.4375281973604662,0.6470512487406092,0.23707487899811505,1.3340802216184864,0.1669174019985345,0.6870289728778772,0.28994123084154705
Track_21,32.26913473814734,0.8672193151071252,1.3510085168587733,0.4837892017516482,0.6049559879915382,0.23751936109566446,1.322180680375061,0.1671457081324374,0.7172246923835229,0.2904361111197893
Track_21,54.00621926814135,0.7856597031255167,1.3357468287783314,0.5500871256528148,0.613348710519626,0.22987059934153073,1.2750703018728717,0.16180459111792764,0.6617215913532457,0.2811071293092267
Track_21,96.66697870513752,0.6778442779207134,1.1718343838277565,0.4939901059070431,0.5719814621257352,0.23502374889156286,1.3767677916212533,0.16539596466081907,0.8047863294955181,0.2873882176936405
Track_21,67.80196066587717,0.7689226160486381,1.2950860038696532,0.5261633878210151,0.6156218785170715,0.18225152475641535,1.2463058709971588,0.128508980067826,0.6306839924800873,0.22300263728061867
Track_21,94.07757566446506,0.7006416215424044,1.132966259917415,0.4323246383750106,0.5849317421377237,0.23132801826887625,1.308559933856289,0.1628286870496701,0.7236281917185653,0.28288837615307727
Track_21,84.04530516851764,0.7015776316008245,1.2156681145329875,0.514090482932163,0.5882178391724412,0.2405509606478104,1.3843232326105706,0.1692960450176114,0.7961053934381294,0.29415287781558336
Track_21,57.76979577028941,0.7736026535471122,1.2917703162151504,0.5181676626680382,0.6169075863923725,0.24822863170442017,1.3954828752192834,0.17474344519714302,0.7785752888269108,0.30356667346271
Track_21,82.51721905146869,0.7243289617555482,1.2630524739386544,0.5387235121831061,0.5889045133024811,0.22934527709560137,1.3128421034841788,0.1614234278341748,0.7239375901816978,0.2804581594102643
Track_21,32.22459726841497,0.8695139449740213,1.3598687998832217,0.4903548549092005,0.6098443956980603,0.24099456253358673,1.3303989715217013,0.16959735435423992,0.720554575823641,0.2946890594757675
Track_21,29.836699705420564,0.8767380382257154,1.3104270168272147,0.4336889786014994,0.6416740843964374,0.23709838800326577,1.3204863983901935,0.1668996399678803,0.6788123139937562,0.289950229203488
Track_21,85.99992534927432,0.7358767741704842,1.2097189017975947,0.4738421276271106,0.5794306509474252,0.21798675855998315,1.2875520304114234,0.1536235198897505,0.7081213794639982,0.26668035692717407
Track_21,83.45708536827938,0.7185209601286398,1.2260752531636758,0.5075542930350361,0.579440324932701,0.23197052347014863,1.346963542220481,0.16326581881462757,0.7675232172877801,0.2836653862427095
Track_21,39.466192537185705,0.8567804478969707,1.33474736438092,0.4779669164839494,0.6161268664612681,0.23063423894631116,1.3304219370616572,0.1622899044742238,0.7142950706003891,0.2820109311154389
Track_21,62.712389076088215,0.7334494984363654,1.2919130994979129,0.5584636010615475,0.6155251485910618,0.22834679339224065,1.3077592048895508,0.16072230126248946,0.692234056298489,0.27923809943420874
Track_21,68.57961280086715,0.759784639415988,1.2611834767805152,0.5013988373645273,0.5917488350730743,0.18179853456525866,1.2333203869609817,0.12835791018789822,0.6415715518879074,0.22254541172057468
Track_21,88.98712256775775,0.6848722682056199,1.1872388513914618,0.5023665831858418,0.5843401429007989,0.23978644983851133,1.3684787299100478,0.16878373458002421,0.7841385870092489,0.29323282658143335
Track_21,68.35281368205641,0.7787180252018429,1.2679193630104972,0.48920133780865444,0.5993562823544624,0.2290579274788874,1.2687794213259354,0.16124874195584407,0.669423138971473,0.28012263550678235
Track_21,53.49605712149461,0.804205981275392,1.3286922701767512,0.5244862889013593,0.6219061145264467,0.141706622377032,1.1991645449212067,0.09985211409343253,0.57725843039476,0.17335285262848896
Track_21,50.5028413524482,0.7833117531590252,1.288962296280728,0.5056505431217027,0.620224411160173,0.23575235553464,1.338522386225047,0.16595725196942374,0.718297975064874,0.2883070977644742
Track_21,54.53392681426745,0.7607999664853768,1.325498335389977,0.5646983689046001,0.4994976098254126,0.17898335613046953,1.0787184561641474,0.12609467247008874,0.5792208463387348,0.21894042156958007
Track_21,72.15978923014954,0.7444601817026971,1.2442169776038519,0.49975679590115474,0.601500416486964,0.24347134412831783,1.3532057126052497,0.171348224150457,0.7517052961182857,0.2977222016094282
Track_21,88.96775999149577,0.6876060685941151,1.1878369199851202,0.5002308513910051,0.584660989778752,0.23985137771312712,1.3674792549301453,0.16883013660152768,0.7828182651513933,0.2933126291446989
Track_21,56.71834288098217,0.7963365394755664,1.3005751366634293,0.5042385971878629,0.6095979612679199,0.1863774795235616,1.2155291334444065,0.13127379642467793,0.6059311721764866,0.22796792428169232
Track_21,40.651300189114195,0.8572087886323967,1.3169156217955023,0.4597068331631056,0.5524530069004205,0.19187987648523605,1.1978491617186142,0.13512797692175774,0.6453961548181937,0.23468586908238964
Track_21,39.7797730354294,0.8659977470320535,1.319215976918836,0.4532182298867826,0.6186245308550192,0.23660850541930747,1.339407276921326,0.16650513743107243,0.7207827460663069,0.28932256328827655
Track_21,79.4958046441486,0.6925824355794139,1.2530925632473007,0.5605101276678868,0.6001327495087352,0.2255097042215648,1.2726406727984039,0.15872812825331023,0.6725079232896687,0.27577027649276664
Track_21,84.99719570454496,0.6720537187093758,1.222362946229152,0.5503092275197763,0.5989914295065436,0.23758994119252097,1.314103127850236,0.16722956758478358,0.7151116983436924,0.29054209407667464
Track_21,29.535260026763044,0.8847972266524436,1.323546992711337,0.4387497660588933,0.6521283044111017,0.23234255216755076,1.3181181636950372,0.16358763967671755,0.6659898592839355,0.28415484757915116
Track_21,26.51618062713191,0.2652729782295841,0.2798166783454592,0.014543700115875113,0.6409655269167385,0.24293624883543144,1.3634182261656425,0.17106218627671133,0.722452699248904,0.29711999692380003
Track_21,67.67650966982407,0.7631320575793901,1.3175026012131892,0.5543705436337991,0.6152002858080396,0.22805747718481698,1.3024148431210905,0.16052102812751426,0.6872145573130508,0.27888566361686207
Track_21,32.724005537522636,0.8942366299401241,1.3466933597606492,0.45245672982052504,0.6271872926283505,0.24392144102715438,1.377400567288707,0.17166364091245764,0.7502132746603566,0.2982718139618371
Track_21,85.62842575398622,0.6732118312581127,1.2130187289173384,0.5398068976592257,0.5925611854326268,0.21634189136736443,1.2694101197180505,0.15244503399422957,0.6768489342854237,0.264656952204
Track_21,45.524272526596775,0.8393487159813208,1.2830888876129711,0.4437401716316503,0.6541288308646204,0.17619362204549496,1.3139677437918347,0.12429842433733472,0.6598389129272143,0.21562534809770129
Track_21,32.5445638860393,0.8907147028531687,1.3410138559056468,0.4502991530524782,0.6117269344099022,0.24387001911685446,1.3430789216547088,0.1716250721975599,0.7313519872448065,0.2982075646774786
Track_21,93.13777874110664,0.661836953277132,1.1918712968370353,0.5300343435599034,0.5963238188855768,0.23177742137600713,1.3070579826635809,0.16312067238402572,0.710734163778004,0.28342393480214023
Track_21,34.23345690044485,0.8645382073533487,1.3243719496100073,0.45983374225665846,0.6451384265534779,0.23531214148107146,1.3500671682786511,0.16562082128427133,0.7049287417251733,0.2877534715190841
Track_21,43.52700915203198,0.8041736246105209,1.2910246832437249,0.486851058633204,0.661097256888455,0.17250799300473024,1.286808446740022,0.12147499134356032,0.625711189851567,0.21098621085852534
Track_21,33.30414131842244,0.8886523113782663,1.3553236682576488,0.4666713568793825,0.6376297122423269,0.23742318548365815,1.3707940705739579,0.16710605820586674,0.733164358331631,0.29033464087895205
Track_21,30.331525748167536,0.8482611845451522,1.353578570591976,0.5053173860468237,0.6307221858227431,0.23989738322281404,1.3230868930316957,0.1688647529608972,0.6923647072089526,0.29337017447194347
Track_21,58.58818173370316,0.7952101577325646,1.3069526845240498,0.5117425267914851,0.6214090988891301,0.22734521812585162,1.3375649139023793,0.16001851118716515,0.7161558150132492,0.27801397829470365
Track_21,25.645725779874756,0.2365454129122813,0.2454592473463181,0.008913834434036814,0.616977830738016,0.23810498897118593,1.2959431206133256,0.16756075984945323,0.6789652898753096,0.2911539009085997
Track_21,34.943777280581656,0.8500538786568964,1.3467885507530426,0.4967346720961461,0.6687023981053443,0.19509277713439752,1.2977081352162985,0.1374574909449125,0.6290057371109542,0.23865404565370854
Track_21,25.488727651306466,0.2913582854263194,0.2977708564563231,0.006412571030003684,0.626717298037452,0.2350546940979887,1.281126605145575,0.16540919758190492,0.654409307108123,0.2874211402492668
Track_21,67.41998821844274,0.7538513004542347,1.3265929849024314,0.5727416844481966,0.6125659351389878,0.227868461285375,1.2816988386111074,0.16039840589382626,0.6691329034721196,0.2786605179458423
Track_21,74.40414407704165,0.773348819687072,1.276413443791439,0.5030646241043668,0.6064535274484767,0.23597146294981963,1.3148874777684625,0.16610236783086454,0.7084339503199858,0.2885697973206793
Track_21,52.01914931970491,0.8606808578211164,1.3175363516996776,0.45685549387856134,0.6118702651185063,0.23311215539417357,1.3518507892832565,0.1640680637235152,0.7399805241647502,0.2850607067389344
Track_21,46.12127182844096,0.8581130707050225,1.2839649636669463,0.42585189296192383,0.5921993055176756,0.22627851901516174,1.3035022687250022,0.15922632025625655,0.7113029632073266,0.2766857228518358
Track_21,60.66609882982455,0.6956125626941602,1.2939596261636195,0.5983470634694593,0.6156315508545749,0.22741473326548578,1.2930997377327613,0.16006098960479426,0.6774681868781864,0.2780952737812674
Track_21,89.55367825846884,0.7217414633211386,1.2074344110678867,0.485692947746748,0.582706996798069,0.23751238049552245,1.3747047509505035,0.1671765880694597,0.7919977541524345,0.2904481752175345
Track_21,87.6921885547475,0.6733704765598137,1.1081858397242557,0.43481536316444197,0.5581504022127382,0.16978528229887113,1.2092633642640251,0.11991759067026599,0.651112962051287,0.20786358660782514
Track_21,24.716252721611795,0.1426883339881897,0.14335199942191443,0.0006636654337247213,0.6297043827853469,0.2378406280238832,1.2796968099972694,0.1673920047285987,0.6499924272119225,0.29084058792722584
Track_21,35.47843786271669,0.8573357037814014,1.3732664718096,0.5159307680281985,0.6425186326426227,0.2358759444669999,1.3254794386073145,0.16612642983746076,0.6829608059646919,0.2885055491125604
Track_21,39.78620649423713,0.8658163750041572,1.3189268902772002,0.4531105152730431,0.6183978628341937,0.23647451977692707,1.3388541641581955,0.16641082859529152,0.7204563013240017,0.28915871485656414
Track_21,40.772004414277674,0.8501807959431196,1.3167569765531684,0.4665761806100488,0.6183331223842107,0.17808913996594908,1.2601760876321464,0.12535953755306417,0.6418429652479357,0.21778603129982765
Track_21,65.86744192061059,0.7991604297106485,1.2869950931860632,0.48783466347541465,0.6093483312693844,0.22517626759074813,1.2889813215532369,0.1584725678684324,0.6796329902838525,0.2753505152581253
Track_21,53.783846694193876,0.7909425955369653,1.3320821205458317,0.5411395250088665,0.6271164113685591,0.2281691910279677,1.2847301335659789,0.16058211244933132,0.6576137221974198,0.27901217638849907
Track_21,25.16686700034849,0.2843148002400994,0.2884958999231458,0.004181099683046341,0.6389966324309968,0.2402717133138079,1.3078451070773993,0.1690874068159153,0.6688484746464025,0.293804437275007
Track_21,50.45840377962885,0.7838987411255856,1.2883435796456508,0.5044448385200653,0.6196083298440056,0.23658499093725685,1.3401694395789698,0.16655045114435774,0.7205611097349642,0.289329415568433
Track_21,62.165275849821754,0.7389612324417584,1.2800233794583216,0.5410621470165631,0.6234161794533142,0.2284995276934807,1.316000149804526,0.16088790765308905,0.6925839703512118,0.27945832065825604
Track_21,29.25407322270917,0.8959499995606354,1.3153291630792427,0.4193791635186074,0.6568539178693314,0.23763135388140275,1.3519342171821527,0.16732495311256393,0.6950802993128212,0.2906308660167226
Track_21,86.31415442262369,0.767003006787889,1.1851605913078642,0.4181575845199752,0.5908964940679922,0.2363094461403162,1.319631760533311,0.16632736839471307,0.7287352664653188,0.28897568723381145
Track_21,25.3779998996878,0.2913582854263194,0.2977708564563231,0.006412571030003684,0.6622440766187729,0.22568799864445438,1.3055824824530282,0.15879851703684822,0.6433384058342553,0.27595659395137023
Track_21,93.43964568569587,0.6602377196153005,1.1740895405648246,0.5138518209495242,0.5979038960082568,0.2332455554636688,1.3065398801789658,0.16418637394694513,0.708635984170709,0.28523789112493714
Track_21,29.054557245295538,0.8906722696764129,1.3434825582163674,0.4528102885399546,0.6624672764576132,0.23378200040706923,1.3362227988879891,0.16455020048773447,0.673755522430376,0.28588597761150253
Track_21,87.10296695390616,0.6857765485565975,1.1955836004469975,0.5098070518903999,0.5966116852623519,0.23196175371433095,1.3293594065080288,0.16324470984696648,0.7327477212456769,0.283646065509903
Track_21,91.7095096496634,0.6711018483239816,1.1973286962129206,0.5262268478889389,0.596984524092349,0.23134191945369248,1.3073983700954062,0.16280479471653828,0.7104138460030571,0.2828859927235933
Track_21,97.70705125848019,0.6654223412631517,1.169613340936334,0.5041909996731823,0.5930026126159782,0.2405214766192902,1.3542111028931654,0.16924956439157532,0.7612084902771872,0.2941020159092109
Track_21,83.86323392424389,0.6867442839886563,1.22529789033639,0.5385536063477337,0.5786640961818872,0.2327739435211383,1.3674954216767707,0.16382286384771882,0.7888313254948836,0.2846430036056574
Track_21,82.10505743746765,0.7611489889631233,1.2381164348457914,0.47696744588266804,0.5590176318040493,0.15575531705733442,1.2141399913405004,0.1101251479694326,0.6551223595364511,0.19075446785572336
Track_21,71.4231136460951,0.725735298934437,1.229316084157853,0.5035807852234159,0.6012906091669611,0.23654675037089745,1.3159100819887473,0.16647146068915494,0.7146194728217862,0.2892526790455233
