track_id,x_mm,centerline_y_mm,peak_depth_mm,profile_skewness,profile_waviness_mm,predicted_centerline_y_mm_mean,predicted_centerline_y_mm_std,predicted_peak_depth_mm_mean,predicted_peak_depth_mm_std,predicted_profile_skewness_mean,predicted_profile_skewness_std,predicted_profile_waviness_mm_mean,predicted_profile_waviness_mm_std
Track_21,81.67452649819388,0.7725080251693726,-0.031628155773703724,-1.0291454650197367,0.00036281799156276216,0.932868392814519,0.37491321050393545,0.03340691612890016,0.20714057457675902,-0.6902526191814138,0.34946206953808523,0.0005546298522140822,0.00037752221851710787
Track_21,55.547300012843486,1.282204031944275,-0.0008275783676462243,-0.9983935801024879,0.0002518448269390973,1.0021580455537398,0.37577021198452076,0.0019886870870331904,0.21523213531160065,-0.6959254374981375,0.34948078714946235,0.0005154640490890411,0.00037819875869300355
Track_21,88.27436272998781,0.7326880097389221,-0.005493940192489742,-1.3877879600518912,0.0003864325456094585,0.9395983469185174,0.37331877773687494,0.05707951805453808,0.2117186115718345,-0.6903493438250097,0.34940586769796644,0.0005357175263154406,0.00037638905303303817
Track_21,75.70267854752078,0.8601120114326477,-0.020054676479137525,1.8118467001415826,0.00063487321362709,1.0121329726493085,0.3786364640266428,0.04301383849736165,0.23993499860594517,-0.6955557018196402,0.34951460558598946,0.0005496878565617909,0.00038002657741604217
Track_21,28.669695361679736,1.3498979806900024,0.02082520621368968,-0.32724214135665686,0.00022475474631135757,0.9763423352715077,0.3758353327468477,0.050220209544745084,0.2159276952253797,-0.6976942221659964,0.34948240506957107,0.0005907175348462215,0.0003782150856127458
Track_21,97.3991856118341,1.150797963142395,0.04250173915177584,-0.23305789300281418,0.0003664417127081629,1.0066386987289089,0.37766807041070877,0.08687694339306383,0.24328261585532207,-0.695411476374503,0.3495036220590744,0.0004993412982538779,0.0003794366984086638
Track_21,80.6751890890792,0.760562002658844,-0.030890538192847195,0.66170192019173,0.0004233708066324809,0.9841294868245434,0.3757545671863692,-0.038569900008730076,0.17519586163327694,-0.6968255430727609,0.3494903833018057,0.0005377425936326416,0.0003781908864276875
Track_21,82.61865155274869,0.7565799951553345,-0.02807947985180046,-0.11603176672068387,0.00052490869171411,0.9781942614796206,0.3765625402062238,0.014305859007296674,0.22076413499629452,-0.6922340526868518,0.34949004487208,0.0005509794120285348,0.0003786193925927528
Track_21,31.315831586328507,0.9397519826889038,0.016935790844312678,-0.5345031506205924,0.0002320959022477028,1.0677134506313848,0.37832008197321465,0.13549964470795658,0.23831304571043943,-0.693653247725828,0.3495095856919262,0.0005344532885713362,0.0003798182796515402
Track_21,56.444581724231455,0.8402019739151001,-3.43738422861099e-05,-0.5380656876396449,0.0002544325899014212,0.9713366256191127,0.37618310302710256,-0.053910163475791625,0.21046289738388074,-0.6976941821913663,0.3494928895321402,0.0006449219197809304,0.00037850103968436295
Track_21,50.23882105525692,1.246366024017334,-0.008406717933082421,-0.8658768468465625,0.00037213355102314126,0.9385246169232956,0.3741219342868272,0.009043116052008273,0.20580149928025937,-0.6900726356920459,0.34944246339477963,0.0005402169383495983,0.00037695690351583063
Track_21,93.58959837143436,0.6968500018119812,0.034957434982061386,-0.06878706402655993,0.000551969748676483,0.9607008959642376,0.3769115105753581,0.06342242520490232,0.22351296555563804,-0.693221024352441,0.3494931737807613,0.0005139353925959243,0.0003788962943255982
Track_21,71.53086108260143,1.1906180381774902,-0.0050324286061130185,-0.4011241925544712,0.0004223175449114162,0.9418609397502915,0.3755580401357555,0.02292972876872877,0.21577509536261938,-0.6960695891198365,0.3494760585207137,0.0004795012604793301,0.0003780868738579496
Track_21,85.48007485340187,1.0432840585708618,-0.01739776792425302,1.386156183771672,0.0004524072635724274,0.9495500692025499,0.37617407171542294,0.03133717541075923,0.2237406871585385,-0.6923283595802309,0.3494805659070693,0.0005096851880371784,0.0003784333361290174
Track_21,55.90096973451129,0.8402019739151001,0.0014205649067444725,-0.18261649007821293,0.00023922539023749445,0.7248204065483455,0.3438480956944602,-0.13057229904969453,0.10260924543644877,-0.7019913899021504,0.3476141779658162,0.0008279918283823169,0.0003523844575705331
Track_21,39.04497726927093,1.290168046951294,-0.009878873165749083,-0.6300681502457277,0.00034650638558470436,0.9668099464413984,0.37658455536297714,0.053444619032745055,0.22515121118922896,-0.6968048843613195,0.3494900700791731,0.0005483631263056594,0.00037874955519162613
Track_21,64.5693470291888,0.8322380185127258,-0.0026423604735111416,-1.0571427688729917,0.0002049117913194984,0.9486614176437405,0.3735304456444786,0.03460885050822762,0.21071896600426335,-0.6950492436874294,0.349419630727838,0.0005117569109429854,0.00037655871770825625
Track_21,26.302407983169598,1.3698079586029053,0.002185781803356284,-1.0515245658792516,0.0022422156050061247,1.061083938919938,0.37850618218463594,0.14269992878744192,0.2463571789578733,-0.6926864123191508,0.3495108292206397,0.0005228050206423988,0.0003799385730644878
Track_21,85.8597721541588,0.7565799951553345,-0.01612450658756109,-0.9278729788871712,0.00029636225243622155,1.0097163614229223,0.378282581100312,0.03624693781148601,0.24232513275023648,-0.6987672179413024,0.34950745113673326,0.0005212101346812584,0.0003798003810520748
Track_21,70.57952625331285,0.8003820180892944,-0.0019825720500642172,1.0718446817512417,0.00042899598896668534,0.9716999835798031,0.376770420672125,0.016807897692323395,0.2258491672774026,-0.6947526843485361,0.3494921459804664,0.0005454633342060422,0.00037880087807335854
Track_21,80.43721645879606,0.768526017665863,-0.030197134823538363,1.1354076155221604,0.0003717045161675607,0.9406645961802464,0.3760288526771055,0.03627630141640209,0.21400287626343756,-0.6940147249313999,0.34948121053967035,0.0005250452305135619,0.0003783295849888095
Track_21,48.97002933653989,0.8242740035057068,-0.008753954467300156,-0.4333732721096482,0.00017295538633795062,0.7544816278100271,0.3204343813009473,-0.08734157013745981,0.10326535219253503,-0.660927961021236,0.33980254388506465,0.0004633798339818009,0.00032738762053351325
Track_21,97.01521780928493,0.6888859868049622,0.04260167196393013,-0.532900412573468,0.0003358111852375141,0.9628165219140993,0.37128624425399104,0.062430355029910733,0.18001588861987136,-0.6910290521890107,0.3493671628497619,0.00048100948611654135,0.0003749019894366751
Track_21,90.96626298998876,1.178671956062317,0.022564460266975388,1.1894066321006167,0.00041138297539372544,0.9927663550601384,0.378117912820162,0.056283982548690464,0.24154052008239146,-0.6950176159567475,0.3495090633186405,0.0004971187921274476,0.0003796876565848233
Track_21,82.01975084962002,0.7804719805717468,-0.0309545572524016,-0.5173009856453606,0.00033912637417293003,0.9770731714476939,0.3768404262490792,-0.003735639870725422,0.21886517662711613,-0.6935649126350237,0.34949626629997727,0.000572336703452828,0.0003788415126151131
Track_21,36.503034969728816,1.3299880027770996,-0.006322174202166373,0.12650426310044544,0.00038679385439348936,0.9467059838684981,0.37553833576004825,0.002921780179360954,0.21161873000819906,-0.7082328419450679,0.34947363798960496,0.0007145638311502359,0.0003780386253602687
Track_21,57.718286541916264,0.7884359955787659,0.0011655066723277015,0.019392187312325407,0.0003141971834353708,1.0306113262652503,0.3767134041581481,0.02499706687353337,0.2449155625284967,-0.6953667931152342,0.3494789795304217,0.0005073068082006217,0.0003786768063227653
Track_21,24.74188295692342,0.3862540125846863,0.004911201540380716,-0.18292444611966854,0.06437212491545026,0.9812806230018881,0.3690095352378536,0.12965831065916827,0.15483250298237972,-0.6954109194032687,0.34931620429512966,0.0006488744243594205,0.00037331154876903204
Track_21,33.35685906418587,0.9078959822654724,0.008030055010362847,-0.6995075170585852,0.00027924446847235883,0.9463634995655297,0.37104665913569046,-0.053494872350579786,0.16795231219874793,-0.688841794842438,0.34937261760661137,0.0005072512950420123,0.0003744490256826233
Track_21,74.58616784343423,0.8083459734916687,-0.016853549772180444,-0.429079735423764,0.00036133892270356357,0.97920902257565,0.37780953953891616,0.03592869291901597,0.22641287941689223,-0.6945691082703803,0.34950811609423227,0.0005499401909161081,0.00037951547868748817
Track_21,79.39817193087487,0.8441839814186096,-0.022842861906004448,1.2910386651720942,0.0004563864315074448,0.9757460851988037,0.3777635175576861,0.032938839485256416,0.2278096567959876,-0.6966601137571022,0.3495068693109585,0.0005115163300594968,0.00037951012684438775
Track_21,96.76661502601985,0.6809219717979431,0.04102000602802565,-0.9354314814748129,0.0003622062190601702,0.808448840119437,0.3610669225682591,0.03954615432158734,0.1447107418620229,-0.6622618209367587,0.348804511788557,0.0005716277121678967,0.0003665507536784987
Track_21,46.73213782180095,0.8680760264396667,-0.014067524245215787,1.2221149308640145,0.00035139364892007764,0.7005859610416244,0.3157368095337844,-0.041120732104057464,0.08407929402003542,-0.6546268088255718,0.3409961058903212,0.00047778043920006794,0.0003245382294294716
Track_21,50.21244114820405,1.246366024017334,-0.008760596137411389,-0.9498328390760953,0.0003593117396432028,0.7771109350121441,0.35131836760841684,-0.05331055730324087,0.11713866384863834,-0.6740686448934661,0.3482055627584852,0.0005284877434206826,0.0003582700321870495
Track_21,57.93932685294622,0.804364025592804,0.0021190895837180927,-0.2731504039928118,0.00035279332449638897,1.1088144919699747,0.38132139586469754,0.04684010119884366,0.32260012545573785,-0.6970064153684998,0.34952590308207454,0.000537023179175049,0.00038153104177235245
Track_21,36.100117890118675,1.2941499948501587,-0.004143384929947837,0.26025201822366334,0.00033331693691897855,0.9755172142263979,0.3766411891147467,0.0400940916733612,0.2166929332892641,-0.7012426481715652,0.34949361406972657,0.0006482338293689898,0.0003787810778510711
Track_21,31.456798028733186,0.9397519826889038,0.015789121234168608,-0.4203123882937759,0.00023100794488941476,1.0572951694555393,0.37839576537770236,0.13083124356271628,0.23696280169935077,-0.6938558084466163,0.3495115697653795,0.0005403943306199773,0.00037988810892998384
Track_21,58.41879583196837,0.7964000105857849,0.0015924071454617955,-0.6182730047554977,0.00030609668672582074,0.8282782141494298,0.3583690850624196,-0.04032110179596156,0.13058160543111513,-0.6909974246048918,0.3488075614040987,0.0005175008901768679,0.0003647009621063839
Track_21,39.01929487274425,1.290168046951294,-0.00993790217128437,-0.5962516604770168,0.00035846363934848306,0.9778867438602021,0.3771595793439508,0.057477622209642185,0.2288337415386651,-0.6968932684182454,0.34949829571364727,0.0005485480478401402,0.0003791252658651565
Track_21,73.55418972632211,0.7964000105857849,-0.011716830481654379,-0.7392140920389505,0.00044114024567176903,0.9065345321143244,0.3741073561457886,0.007949425346101801,0.20149718315560305,-0.6934869816580863,0.3494411353347029,0.0005440511242810396,0.000376978688898776
Track_21,55.41267686623219,1.282204031944275,1.0752050622448389e-05,-0.9280940740337243,0.00028968197763303694,1.0508590674532856,0.3782300279184875,0.03154831491948893,0.2407518511966845,-0.6966756690664323,0.3495115354512639,0.0005134397284402066,0.0003798106606587996
Track_21,86.25330707671193,0.7725080251693726,-0.015211383655038943,-0.8286803067140684,0.0003130493528973058,0.9896427192591548,0.3776408454467912,0.043810522468756066,0.23305778808215194,-0.6980449915401118,0.34950202624404436,0.0005261754673415783,0.0003794019269676743
Track_21,75.9285739190245,0.8601120114326477,-0.02051389683795169,1.6170859997756113,0.0004355116073503779,0.8052334335482922,0.35163442294370467,-0.031496458886019554,0.11848779609445269,-0.6635343648392321,0.3481245129179176,0.000520201598666287,0.00035784565177792257
Track_21,45.682712459884655,1.2782219648361206,-0.013400313967011041,-0.3156260700388815,0.0003907715101764151,0.6098343822348575,0.2936736697728743,-0.021229555188705812,0.07556644993057274,-0.6276373446520833,0.3307921062203169,0.00039545014197924514,0.0003005568326251582
Track_21,86.2206833148617,0.7725080251693726,-0.01532313814498933,-0.7349818363880322,0.00029451412758455165,0.9998057534333181,0.37819053635143984,0.043420059372913364,0.23729106187753873,-0.6978893695978163,0.3495085946960747,0.0005275602053267156,0.00037975415396044606
Track_21,84.07676300752443,1.0472660064697266,-0.027310134034114055,2.297605017106533,0.0005458628430055789,1.0250020424538107,0.37862654414302216,0.026247277023051983,0.25466541086180344,-0.6956863348459278,0.3495126220248267,0.0005340447082326763,0.0003800347222196502
Track_21,51.53944931629885,0.8720579743385315,-0.003401915053377467,-1.2322553597918355,0.0005215546486962246,0.954531247976258,0.37491874577937245,-0.006656029764066439,0.21278976719670464,-0.6930106200167913,0.3494633858019457,0.0005291593316833049,0.00037758071226493385
Track_21,43.808339789560335,1.2662760019302368,-0.015066518653984085,-0.1748367058221965,0.0003888391555910057,0.9950549445807573,0.37528662171629135,0.049238539812202636,0.21720693668177476,-0.692437460883754,0.3494628212240451,0.0004914420312972272,0.00037764175007372623
Track_21,74.54301338017063,0.8083459734916687,-0.016299987866998066,-0.27407285349953464,0.000402721128761861,0.9641357173238394,0.3769799098945325,0.03507909394186283,0.22041248106172603,-0.6939312871852149,0.34949774040580794,0.0005443200515661415,0.0003789700741049927
Track_21,32.22335535510901,1.3021140098571777,0.013599072345877412,0.019390969931653946,0.0003411186917448924,1.0255870490943357,0.3790943851270631,0.09081992456613812,0.24741134192664396,-0.6965240529882959,0.34951722940311025,0.0005502267895076412,0.0003803355434363029
Track_21,36.91391673522065,1.3459160327911377,-0.004864789880489947,0.246636362166684,0.0004308460687524026,1.0151559304987368,0.37892691625793745,0.02481201110424736,0.2510367628873079,-0.6979367772850351,0.34951485893647155,0.0005774088685891347,0.00038022094346776264
Track_21,82.06753759036049,0.7804719805717468,-0.031051280006220202,1.2670299795087432,0.0005862783838079972,0.6900458866499382,0.33210194978418567,-0.020474174820885337,0.09337373913280672,-0.6470381552016036,0.34535743009677516,0.0005448005297065787,0.00033912644949465583
Track_21,82.68571452929723,0.760562002658844,-0.02802497660462371,-0.23042280791710895,0.0004300517310975323,0.9410361955909952,0.37337761901606437,0.0112017966041886,0.20748120718754978,-0.6872412787501975,0.3494093715063114,0.000526974292810591,0.00037633020811612315
Track_21,73.16719569998034,0.7884359955787659,-0.012358640085237668,-0.6279454239086376,0.00042749494242776554,1.0089788853026975,0.3793510249207929,0.027111667334511133,0.24663146902001623,-0.6966164978943828,0.34951953302223393,0.0005460552665202083,0.00038048048070639503
Track_21,76.31066640695701,1.0273560285568237,-0.02140488638820876,1.8505216284306085,0.00037878434121961697,1.024099624981322,0.3783230579697226,-0.0017660729349409715,0.2491613202808613,-0.6965588662212693,0.34950946950195905,0.0005107962194884397,0.00037976459962896344
Track_21,82.20264070881595,0.7804719805717468,-0.030386522587837347,1.5381037353514715,0.0007121567082427353,0.9641137255021679,0.3762126415466964,0.031661982900936345,0.21764401729907293,-0.6914020335204589,0.3494849312234761,0.0005433066055225145,0.00037839389417743943
Track_21,57.109684357533375,1.2941499948501587,0.0008357158754894472,-0.1128372419394562,0.00031306354506603016,1.1352297343956437,0.3818870964683386,0.020817253470990844,0.6451881642349822,-0.697207868590123,0.349526281460585,0.0005496165556178402,0.0003817667775301315
Track_21,65.67317400180585,0.7844539880752563,-0.0006563354908869126,-0.3939411019068553,0.0003757437642848572,0.7971142374384383,0.3447674411280609,-0.014509474747705985,0.12154184220679565,-0.6981708056021204,0.34714825752489376,0.0004478602959709419,0.0003523028362112508
Track_21,32.22682631488727,1.3021140098571777,0.013606391704848243,0.022148553824649767,0.0003366596077417495,1.0234909599028381,0.3790076683966153,0.09026132311448042,0.2463257887589672,-0.6964978584188221,0.3495166142626064,0.0005503357483473541,0.0003802837039755292
Track_21,30.256671807244466,1.2981319427490234,0.02082911350224252,0.22971696488247553,0.00034001193793829933,1.051618459538169,0.3787256257417293,0.1310631721332816,0.23678278628645497,-0.6950404578871258,0.3495160343060002,0.0005636256816071796,0.0003801000861467126
Track_21,73.44416633180114,0.7446339726448059,-0.012601763304408597,-0.9025718554923174,0.00030532877291061263,0.9140641975031417,0.37449771630223083,0.014113081734864596,0.2044932190379059,-0.6944980316665741,0.3494509874029081,0.0005386362204858677,0.00037727223726461887
Track_21,58.05943707373694,0.804364025592804,0.0021632142710787576,-0.6129112155704187,0.000305882231791802,0.6977422589887147,0.33300965686014616,-0.05924459491654617,0.10138529059195468,-0.6997764865013406,0.3453132863954226,0.00047222256377171687,0.00034171441808154536
Track_21,65.39986935812777,0.7804719805717468,-0.0010437202896393198,-0.8873937367183673,0.00040149463600417463,0.9327802009615174,0.3737435530000902,0.02648090786133335,0.2098924135904358,-0.6950148364397046,0.3494353543890465,0.0004771472525503062,0.00037682259424950536
Track_21,80.97610154995247,0.760562002658844,-0.029870514740021184,0.02412500141752115,0.000455168603084991,0.9692977962089614,0.3763651364090677,0.041550972789083235,0.2238472346271173,-0.6978028991472403,0.34948635411256385,0.0005229091546637871,0.00037859127851534453
Track_21,70.81765163192709,1.1906180381774902,-0.002864173572517725,0.9472100399044281,0.0005122344409954715,0.9723963355074506,0.37650492124767304,0.01761469881174283,0.22585695499220954,-0.6948726390330685,0.3494863152092066,0.0005417922665262398,0.0003786290317828173
Track_21,64.49095337832593,0.8322380185127258,-0.0026966093944935368,-1.0640152629441084,0.00020881694573523412,0.913979325408802,0.3722316282126722,0.01799449059758973,0.20197241212820422,-0.6895988568240162,0.3493822505164461,0.0005206021633337497,0.000375597459760942
Track_21,64.92977041218874,0.8322380185127258,-0.0010012370133007343,-1.287354879385828,0.0002332046612995346,0.7345602857411078,0.3482561004888151,-0.03290424306407477,0.12430080894016271,-0.6808824316697224,0.3477237021873348,0.0004487096513881598,0.00035593693554915453
Track_21,45.02644379927365,1.3060959577560425,-0.015497281846097288,-0.4619204158515225,0.000484721833264731,0.9679521609899444,0.37546557420667154,-0.005822150527576276,0.21507210818436057,-0.6951360542097637,0.3494722257058029,0.0005358903782675558,0.0003779356461437206
Track_21,31.817870881463364,1.3419339656829834,0.014056383334892862,0.04360240707515242,0.00021244557775080064,1.0601104825461733,0.37940716687954273,0.12417418808339972,0.24984661991557838,-0.6954046067827016,0.34951946595208255,0.0005421958850476528,0.00038051771151465045
Track_21,55.37879500119627,1.282204031944275,0.0001169823663482864,-0.91059956895657,0.000322216033198755,1.036347122027636,0.3773056178669709,0.026830867943915565,0.2314218885510047,-0.696435172838081,0.34950161048133876,0.0005102762535932662,0.0003792227073117651
Track_21,38.05829479755371,1.2941499948501587,-0.0075942531786192076,-0.07882935415897797,0.00020559329574454963,0.9865640805434038,0.3570920367769831,0.029472960992633742,0.12845374987515965,-0.6759685399716825,0.34860780286711845,0.0005250912019440075,0.00036342988461992226
Track_21,53.18081543208318,0.8322380185127258,0.0021138836395338573,-1.1078952002159241,0.0003947218223552022,0.9153961762665175,0.37310097023004024,0.04321987529799125,0.19795148611810967,-0.6937214764853629,0.34941047805617975,0.0005168460856762742,0.00037631604616028774
Track_21,87.86930154046678,0.6968500018119812,-0.009633738093682388,-0.9051700056116536,0.00041672544028324926,0.9330570668999268,0.3728546631851608,0.05985504617454719,0.200471690458202,-0.6848001454777941,0.3494045260455955,0.0005359298625288891,0.00037602393746930457
Track_21,39.56746034828875,1.3260060548782349,-0.008469145635091182,-0.3494341407274071,0.00024512703814917017,0.9885131468988557,0.375866794808557,0.07566314946812909,0.2208171965401201,-0.6921073991190932,0.3494718536154773,0.0005115403457128934,0.00037823846256146155
Track_21,25.872421128498548,1.8675580024719238,-0.00279630278237164,-1.3373465743225725,0.0022935628265746437,1.038760021987849,0.37683114174698934,0.1611032131994337,0.22855597014933748,-0.6899993226480867,0.349489739554176,0.0005291147511303875,0.00037886661462975096
Track_21,43.26687419316703,1.2782219648361206,-0.015280251715368792,-0.8236111015030749,0.0003954987685919291,0.8784565249968912,0.3585522731474591,-0.08631938129857719,0.14093472073184032,-0.694890134329685,0.34861897389945984,0.0004699862178347645,0.0003646136626916467
Track_21,44.21892207486791,0.8481659889221191,-0.015107075007606859,-0.04874271737996652,0.00034822159062515215,0.9503773801931059,0.3736275992117921,0.015716014512032802,0.20396901705271958,-0.6976328737468843,0.3494296079984259,0.0005228221218424483,0.0003765016765751272
Track_21,72.93839433432194,0.804364025592804,-0.009373984890143303,0.20575924244805333,0.0005607458224542608,1.0111664780086413,0.37873700381000935,0.008668020552578771,0.25132918880812705,-0.6949720419507471,0.3495126645376995,0.000533722492045921,0.00038008314264219723
Track_21,64.76017705324952,0.8322380185127258,-0.0017307104521556527,-1.2413959557572793,0.00021270297565745627,0.8408763569877953,0.33704000265972583,-0.02330677111151894,0.12221491495319478,-0.6805018114948092,0.3445719590057639,0.00043424528495125225,0.0003432042847813577
Track_21,82.44975311325351,0.760562002658844,-0.029249052749946713,0.5212720655803249,0.0005928070459793904,0.9574404679622088,0.3752608886259199,0.025954262699293303,0.21373433106955816,-0.6899336576068871,0.3494641584012306,0.0005390897185247957,0.0003777030955701039
Track_21,73.12529918594365,0.7884359955787659,-0.01185295404614629,0.08136146315570589,0.0006494037440017331,0.9944297530867562,0.3786660651530604,0.016875533333808496,0.24140970644284962,-0.6959879112066071,0.3495141405486225,0.0005421683128748349,0.00038006329855158844
Track_21,53.013812835189555,0.8322380185127258,0.0021148835891467203,-0.8558402348022266,0.00030699698146146123,0.7811634910396108,0.35352247743268783,-0.02479068810808093,0.12180981896030965,-0.7101197767133863,0.34835072382875304,0.0005246189058991627,0.00036043127733424805
Track_21,84.79848929376705,1.0034639835357666,-0.023711318728992663,1.3277561579195154,0.0004247467810658684,1.0321133887408869,0.3798777240275338,0.05196793459864869,0.2573523319700213,-0.6970792377949387,0.3495225399317492,0.0005146935690246161,0.0003808070900449079
Track_21,34.345832314213695,1.3021140098571777,0.005879983874387355,-1.0345470394882632,0.00021104704296180828,0.971906457649901,0.3758252838574004,0.02926144760818227,0.21675134671096238,-0.69355391367356,0.3494772068605724,0.0005494970748037154,0.00037813834151245057
Track_21,63.12552823551116,1.210528016090393,0.0004911853212689028,0.2830250500111205,0.0004621721796127088,0.9179931672064525,0.3725624996353062,-0.007817797786118935,0.20012689249988766,-0.6868931528552743,0.349397217986678,0.0005382562206381889,0.00037580825536302607
Track_21,28.34770415066181,1.3220239877700806,0.020962580187266232,-0.4932627727495115,0.00016835958200208607,0.9878646962829694,0.37619694628954076,0.06312931866008283,0.2159320643346717,-0.6955610207977833,0.3494884370801927,0.0005787706109639061,0.00037845583365586757
Track_21,77.65134327715892,0.7406520247459412,-0.023250543651667153,-0.850374613209405,0.00035295501846841875,1.0132400862570223,0.37861644664049915,0.04170183459391849,0.2435813022972892,-0.6927876723147359,0.3495140056048014,0.0005451153969958586,0.00037998756715098707
Track_21,57.34059981109082,1.2861859798431396,0.0007209854671145876,-0.1442909127503735,0.00029188543830400775,0.9846741627541661,0.37634500854288266,-0.028574638803569554,0.22865145643052223,-0.6941045109936247,0.34948005672218485,0.0005150033371867024,0.00037835906159951237
Track_21,33.90129351207092,0.8999320268630981,0.007001711224871282,-0.7918763075162404,0.0002113688642264257,0.9958400246219675,0.3760378170244519,0.06832834100178425,0.22535974650857377,-0.6970317055516141,0.3494744096437589,0.0004925286083278065,0.0003782316572344368
Track_21,60.39463651284359,1.2861859798431396,0.005579470716621898,0.3231498941368673,0.0005090950368674581,0.6936970644985231,0.3375580589708741,-0.05770505239465058,0.10396323926611678,-0.7129701104654421,0.34608065803647203,0.000492652913666039,0.0003458673378625149
Track_21,33.20267478521835,0.9078959822654724,0.00806988452084236,-0.6950817245023522,0.0002040715630579197,1.0293864287053314,0.3790438894211471,0.03611116178758586,0.249507247114214,-0.6950982187912027,0.349516847428571,0.0005311561822659522,0.000380223135832013
Track_21,75.62098913546492,0.7804719805717468,-0.020218677780290774,1.5531282998572986,0.0005893037336629462,0.9934554665248908,0.3760457760615321,-0.0267873411282467,0.17937552055081182,-0.6950930257765443,0.349492790242224,0.0005508377559856967,0.000378401829548076
Track_21,56.11477948580135,0.8402019739151001,0.0006864521408715518,-0.9745135562469595,0.00020962463286751352,0.7600405308996998,0.34427859185840753,-0.13848868300072523,0.10379681913847656,-0.7032133064685593,0.34764786285271587,0.0008729098511431005,0.0003527872441310953
Track_21,51.035961489250866,0.8521479964256287,-0.002605699317273645,0.8820713075456921,0.00047348076993428373,0.8564229035348614,0.3630632633035283,-0.07428680703547795,0.1369154416808071,-0.6808265838956589,0.3491047455954457,0.000544173617123075,0.00036840329458227996
Track_21,44.83634332877078,1.282204031944275,-0.015511745856695585,-0.6619677933119948,0.0004174485582006947,0.7798289594321248,0.35054409134490505,-0.09057471509140344,0.1160573127098636,-0.6739892015518375,0.34808566780968153,0.0005213541328194244,0.000357107954282433
Track_21,70.47178178619467,0.7924180030822754,-0.002745748320795406,-0.13991974697569232,0.00038552721367024045,0.9324762035920675,0.3743887662777578,0.008583142944593104,0.21044353856323628,-0.6938145951531085,0.3494465294347173,0.0005379555787003926,0.00037714481156032425
Track_21,49.53819549242449,1.2662760019302368,-0.011509716540977762,-1.1715857264024332,0.00038224713380022155,0.9331789597493574,0.3736393991949404,0.027371044016743538,0.20003025826631782,-0.6930219826036571,0.3494314494409629,0.0005380915429650697,0.0003765638788776013
Track_21,28.160727886160956,1.3299880027770996,0.02031670633430888,-0.30080897008385715,0.00016547740618669124,0.9807098526385633,0.37294378936643846,-0.03230552890181444,0.16250288775816651,-0.6960242643365478,0.3494408885145562,0.0005699539524880836,0.00037622615597385987
Track_21,30.527694872547897,1.3060959577560425,0.020141563885087192,1.4202621765501502,0.00037211862114290616,0.9681943705197157,0.3756610106002338,0.09338039293882923,0.2138826823992252,-0.7008495664945805,0.34947230218368286,0.0006385497297273584,0.0003781013092847105
Track_21,96.32902157058726,0.6928679943084717,0.037594695272313995,-0.929931695588594,0.00023185424363011305,0.797394593157654,0.34461825892821435,0.029422329818804036,0.127438393905885,-0.6714581095078577,0.34647158697902375,0.0005219877942677993,0.0003520597957013077
Track_21,92.17170214821957,0.7366700172424316,0.03085626114681723,-0.4681199320199843,0.0004062971161697236,0.9830193709877578,0.37807882893060824,0.05650420666655109,0.23400510894362886,-0.6970689723781699,0.349510293828101,0.0004920436363749443,0.00037973195865743855
Track_21,75.88506709873005,0.8601120114326477,-0.020336320949339768,1.6561699707096014,0.0004294829551826581,0.9496064202176692,0.3744351318445246,0.013526884866744597,0.20953524850587063,-0.6885291682808464,0.34944700879181373,0.0005349066119740874,0.00037713909972507024
Track_21,42.05719629516985,0.8840039968490601,-0.01229699538528638,-0.47279398732197114,0.0002970132682976808,0.7579156846467128,0.3129078625763759,-0.054139398776458736,0.08336225149631821,-0.6653039422988806,0.3396324295013098,0.00041859429021629945,0.00032165149360280425
Track_21,96.89656942458882,0.6888859868049622,0.04181204747453512,-0.7986535523124776,0.0004300999695287321,1.1029225268395857,0.38162021388484807,-0.03282486844944675,0.32400411181515365,-0.6972660485746678,0.3495262252248338,0.0005388523544307969,0.0003816731896927154
Track_21,82.04839890854191,0.7804719805717468,-0.031022811617335506,0.2852568560919665,0.0004560504071081583,0.7299558570987784,0.34257451144737444,-0.01936480065445113,0.10305779228822562,-0.6587919480546979,0.3471690960024193,0.0005609826819894866,0.00034941646062361387
Track_21,77.22489276000441,0.7486159801483154,-0.022146625898867137,2.5606914550666775,0.0004894078826757284,0.9857031984576528,0.37673514447587014,0.031817504876659054,0.22792246448455067,-0.6896474250622677,0.34949074958878296,0.0005406971231628171,0.0003787461482998208
Track_21,56.36470272246243,0.8402019739151001,-3.0085209841621527e-05,-0.7324488767268018,0.00021732288984461346,0.9948142001051337,0.3777616051922634,-0.028498746257467785,0.22307856155956923,-0.6980589674390052,0.34950960434696415,0.0005981895454551916,0.00037951824108118975
Track_21,42.55401327719376,0.8879860043525696,-0.014389505015114452,-0.6797440987795395,0.00026266604226487085,1.0107231603607627,0.3766590588089614,0.05826877674576535,0.21727576899311804,-0.6922395905413664,0.34949657445365334,0.0005075070559013468,0.0003787860184690048
Track_21,28.842298960832508,1.3578619956970215,0.01985002743518528,-0.8298717649434652,0.0002828117982378802,0.9884187855961136,0.3768314511511566,0.058333756941189155,0.22282256989030846,-0.6991021397909867,0.34949620025309197,0.0005948845524911115,0.0003788858193666202
Track_21,91.7055526905751,0.7287060022354126,0.027991862401431877,-0.6251185969437585,0.0004685770264298508,0.9104320846994413,0.37416690256342133,0.06339505549988822,0.21239712357506838,-0.6952117923462393,0.34944517131843217,0.0004614342970581454,0.00037711905328475327
Track_21,56.86488717652277,1.2941499948501587,0.0005706798197867034,-0.44677853076400886,0.00026126388180977437,0.8069152695751058,0.3550901947587947,-0.1106567719760735,0.11758442950786047,-0.7059143413141301,0.3487159435233578,0.0006391509486029954,0.0003622542302980419
Track_21,37.10535471946885,1.3379520177841187,-0.0037767108126510202,-1.2270578946882351,0.00023305249603434728,1.0642393866208673,0.3785472557882706,0.09290713529421948,0.23970739012331996,-0.6949358121982556,0.3495123117660129,0.0005323497475970642,0.00037994647178076895
Track_21,45.18289997591324,1.3060959577560425,-0.015734685316555582,-0.47157494569996505,0.0003887220691912785,0.9781430073576104,0.37579175957233785,-0.0011885170792758325,0.21786263740131823,-0.6971747036458852,0.3494778566757527,0.0005303092351655551,0.0003781695447701336
Track_21,66.49021106154518,1.246366024017334,-0.0004899054785234066,-1.367002250233899,0.00043252517420768984,0.5951190891235784,0.3160918683035415,-0.055629267801890536,0.08787038443151825,-0.7172031510937118,0.3406146763427538,0.00041833207640303125,0.00032484432161080415
Track_21,35.10996347136295,1.3419339656829834,0.0026753682380499153,-0.34168499806581726,0.00034954284206754514,0.917578888667018,0.3712794015501485,-0.0019164363500516878,0.19239297528879107,-0.6899931841253745,0.3493574979144066,0.0006377988557270713,0.0003749149800306181
Track_21,88.11969139133095,0.7207419872283936,-0.008247767219636742,-1.1812446602428137,0.0003795204067628904,1.0096672389987287,0.3781592670946607,0.055303536688143,0.24286160418360267,-0.694786360464803,0.3495094295188445,0.0005399098268664738,0.0003797491915458549
Track_21,80.47088468457902,0.760562002658844,-0.03037538614976032,0.9325585444735923,0.000351827500683597,1.0490988243182835,0.38017929392152744,-0.03579042048741364,0.2577105276388915,-0.6967338382752633,0.349523562384619,0.000564072164770247,0.0003809632507529435
Track_21,77.42550079498167,0.7486159801483154,-0.021874754521322537,2.0543061496997255,0.0006127801318569411,0.9353364910425165,0.37151269487646676,-0.020528259613543393,0.17226797092225074,-0.6859975212684954,0.3493647112899455,0.0005203168430206626,0.0003746327754908107
Track_21,55.01821756348419,1.2981319427490234,2.5100351754540148e-05,-1.2269563192181618,0.0003592604938001499,0.9878011298086281,0.37860457201400155,-0.008310143457994211,0.2302486181981646,-0.6998019106636312,0.3495162648829411,0.0006366210571285996,0.00038005436549792696
Track_21,70.2399074357325,0.7844539880752563,-0.002458431601487823,-0.8866219341152841,0.00025167308163271594,0.9724999371531485,0.3771132765012353,0.03155598765272495,0.22377667640493545,-0.6930308932817006,0.34949974420263236,0.0005453263904545876,0.0003790193309132693
Track_21,66.87059774682456,1.246366024017334,0.0031900955560204016,-0.6264466378444427,0.0005355541616501795,0.878743784363849,0.37042391375708683,0.02608425221455614,0.19264616816971072,-0.6965735850122273,0.34930325356108455,0.0004726984590990545,0.0003743131404636569
Track_21,71.9972590664925,0.768526017665863,-0.006913196536452445,-0.34824628850441935,0.00024489494789604746,1.0092867781952055,0.3788055682532829,0.039654190727715116,0.24024235179316422,-0.6969023781558448,0.34951672011983415,0.0005071098449298814,0.0003801857813247852
Track_21,27.910775673985754,0.9357699751853943,0.019834271295030424,-0.6005230076578335,0.0002553229881445434,0.9954994299776697,0.3769351639923868,0.05811358350574765,0.22238371523374928,-0.6949590305156287,0.3494969346926796,0.00055828037362725,0.0003789279678677847
Track_21,53.74836684540784,0.8521479964256287,0.005134323770301846,0.15869710858589048,0.0004246123651590872,0.8811431776399539,0.37282467315131,-0.016109077201554915,0.19855531400295956,-0.7015638173788384,0.34940479519276524,0.0006237892194937409,0.00037614583794918653
Track_21,61.4221807770333,0.8202919960021973,0.0031180625641864636,1.2087805048697562,0.0005476234836442421,0.58556751158247,0.3184587888593955,-0.06163431058614992,0.0843289405161683,-0.6823697286470198,0.34184553728371625,0.0005463361859522587,0.0003269864780708854
Track_21,59.844613779305604,0.8402019739151001,0.005864046531140196,1.2549866317378038,0.0004685029874110547,0.7075666207966539,0.34182385838981016,-0.050010979459940624,0.10613693889745955,-0.7166805304355695,0.34699677924866,0.0004671692921692408,0.00034982629661726576
Track_21,47.04682813185012,1.262294054031372,-0.014213776571652152,1.8901771006970094,0.0005807209796594315,0.9581234732468578,0.37595513018820803,0.037061646938063464,0.21529678537185115,-0.697042079789729,0.34947948753212965,0.0005468124174219107,0.00037833077182441093
Track_21,32.59542266336375,0.9078959822654724,0.01159455896975325,-0.732495549532477,0.00028794177448296794,1.0827902831895053,0.3805844283245226,0.128018763737119,0.2794544956681841,-0.6960450690623212,0.34952434743083266,0.0005307648242925885,0.00038117327951286533
Track_21,29.389050676869676,1.3060959577560425,0.019914635321468983,-0.48827255936492403,0.00019469719320260284,1.0309362237155086,0.3672141894255536,0.03728630512611436,0.1493634843339337,-0.6856863129446358,0.3492438394525131,0.0005196234867188068,0.0003714405982529403
Track_21,67.14713937277351,0.7645440101623535,0.0026756873474477116,-0.6578399543866161,0.00046512812281657075,0.8687379930716423,0.37011359286374323,0.027141298885033433,0.19002133962933263,-0.6955558089999399,0.34929143574487787,0.00047802367068475616,0.00037407553537986774
Track_21,34.628100743788096,1.3339699506759644,0.0038778448503310513,-1.0660165672222754,0.00031238752857464035,0.9914539013684432,0.37714952972699284,0.04458036170043146,0.2239072588654604,-0.6953051473338623,0.349498788123384,0.0005624192293289709,0.00037905427430282853
Track_21,93.46134180571124,0.6968500018119812,0.034350261747387784,-0.09320993896610631,0.0005755340582880886,0.952322423064379,0.3764875150135809,0.04836103601367575,0.2190114703199099,-0.6940097250585922,0.3494889547868544,0.0005215148558795345,0.00037864870763954634
Track_21,66.63380506792436,1.246366024017334,0.0001835995621226636,-1.554337817834583,0.0004743998462963932,0.8805028820642431,0.37193955362593817,0.015900839397562132,0.1941035792598525,-0.6956500114033356,0.34937019529610847,0.0004897337546300789,0.0003754586417062553
Track_21,48.37305026363103,1.2981319427490234,-0.008643913671630558,-0.19542527457078068,0.00036439874592464615,0.9213181003087566,0.37380581148181774,0.02682123724011698,0.19817480836595747,-0.6948990246167125,0.3494397238607843,0.0005871340024565911,0.0003768216073244295
Track_21,67.40218491212858,0.7645440101623535,0.0014312284105968006,-0.5827948958226726,0.0004456131533829021,0.8873518050250937,0.3725321427403342,0.02505591215646265,0.19388874228476194,-0.6937483867258671,0.34939595656264477,0.0005120048535491962,0.0003758783507986903
Track_21,88.19437924062998,0.7207419872283936,-0.0072162519435450025,-1.2564910915572896,0.00039136395200485124,0.9964936614893053,0.3773869665313388,0.06135299855386932,0.23435430761828743,-0.6939997322558259,0.3494991738609001,0.0005441185885272388,0.00037923246306984854
Track_21,96.06871031389781,0.6649940013885498,0.03751477746422901,-0.6114667575658149,0.00025649607564874957,1.0226279550503599,0.3781359658305336,0.07480139184939129,0.25020925400047755,-0.6942601973435995,0.3495023177470768,0.0005460294467953846,0.0003796709737662546
Track_21,58.93330584230178,0.8083459734916687,0.0026827966419030137,-0.7628155126344056,0.00023847906833441887,0.9701209705737166,0.3762912395377566,0.04275541452746212,0.22006967897240978,-0.6950738407110667,0.34948631289175935,0.0004961665519957689,0.00037857339754276633
Track_21,82.35907116508676,0.7804719805717468,-0.02977554181815831,0.8647987081421901,0.000641217086029247,0.9658009520953941,0.37612837609230393,0.02772252611038311,0.21837479683256228,-0.6911128457085662,0.3494823655348255,0.0005416827650797687,0.00037832201272914977
Track_21,27.777103779654006,0.9357699751853943,0.019658677225165507,-0.40927005016372947,0.00022142747299049934,0.9170373962654854,0.3647265799157592,-0.03567762989976432,0.14347364832790568,-0.7071133350467546,0.349085817076755,0.0006026009101970102,0.0003695737038938288
Track_21,59.27287284448758,1.282204031944275,0.004889189727411856,0.7737098844414141,0.0005593718957720716,0.9461768837593774,0.37265848452210926,0.037895093045859155,0.20816875575439686,-0.6913627696385423,0.3493919712489767,0.0004787403769537763,0.0003760064344562135
Track_21,59.58856194419353,0.8402019739151001,0.0056663361155723105,1.8083400401900676,0.000577196936940016,0.968337092254546,0.37582464917746056,0.04311218253839193,0.21539136003463616,-0.6943694381674941,0.3494782133120087,0.0004974620875845428,0.0003782516154686856
Track_21,94.4521013353764,0.7048140168190002,0.036826287541603074,-0.6202521742034137,0.00034315192382349663,0.976537333747637,0.376738140853742,0.05956539107509436,0.22678032773530749,-0.6941738315447366,0.349490873123299,0.0005440447326304963,0.0003788220047067014
Track_21,65.90607011959257,0.804364025592804,-0.0023403908736634167,-0.6275607305787159,0.0004729994042979135,0.8346418150442415,0.36905578574845244,0.006203652480776587,0.18697100738876257,-0.6951315325463616,0.3492404535115905,0.0004621076399450332,0.0003732938637987535
Track_21,58.24604323271066,0.804364025592804,0.0015432689945730058,-0.8923148891156052,0.0002827948872347043,0.768526906407334,0.35079836301004114,-0.05585458262839006,0.11749040562924169,-0.6800358643950948,0.34821136717535245,0.000522506359218385,0.0003580709280748835
Track_21,42.14341189482565,0.8879860043525696,-0.012566162641273766,-0.7969456329421635,0.00025884538966636776,0.7475434343374083,0.32774789068676785,-0.04637429738325591,0.09428271064322788,-0.6950658502308552,0.34356883479708533,0.00047688648164990967,0.0003357986931105272
Track_21,47.17999037416688,1.262294054031372,-0.013482489111733489,1.8728606480768766,0.0005693252293077845,0.9637402640169175,0.3762804424976433,0.04125022757803304,0.216489410217561,-0.6973319493788682,0.34948536841483374,0.0005522293415326469,0.0003785491730408784
Track_21,61.92507439393296,1.2224739789962769,0.001837422434931443,0.24722338010274814,0.0005436114397687956,0.924058499218041,0.374282999776434,0.027436882393104475,0.20180723794370853,-0.6930361680734,0.34945379211664673,0.0005333844456388095,0.00037711453865533047
Track_21,55.549874746111506,1.282204031944275,-0.0008275783676462243,-0.9983935801024879,0.0002518448269390973,1.0004811241826557,0.3757902553096884,0.0018441699237031848,0.21486813960486523,-0.695981289536327,0.34948113279271203,0.0005175611537478201,0.0003782087290113196
Track_21,57.41250207582268,0.7884359955787659,0.0006478728727428538,-0.15988102658519043,0.0002819951281375881,0.9819501977493132,0.37597116679345743,-0.024827861720540814,0.2248340391943141,-0.6933230580462592,0.34947257162674955,0.0005148325349327104,0.0003780857720139324
Track_21,85.7553461059095,0.7565799951553345,-0.01637660215298335,-0.34238137356612586,0.00036549053139046803,0.9307244143082334,0.37274455276395274,-0.02579700602652672,0.16497583361326248,-0.6951144174261739,0.3494309561842679,0.0005202704243470844,0.0003759147262307649
Track_21,91.2032756563747,0.7446339726448059,0.02440510353812113,0.40977743179540665,0.0003418342701597071,0.9435765163301624,0.3737076957579134,-0.0033108014019651057,0.17344087841788802,-0.6937111915985241,0.3494544362138145,0.0004672552305031238,0.0003767085456743567
Track_21,32.26207749332178,1.3021140098571777,0.013695146641585715,0.09680782550082394,0.000338871866084864,0.999519883352196,0.3778925491511069,0.07859272783182177,0.2349502271532023,-0.6959563685285379,0.34950647044638067,0.000549603041607131,0.00037959575822030245
Track_21,64.52656729099964,0.8322380185127258,-0.0026402069175694783,-1.0778137199384632,0.00023273295426356891,0.9409775930903583,0.3730655776577707,0.02921198028195282,0.20988819869732422,-0.6950369423448036,0.3494059764267909,0.0005117451307745461,0.0003762351013673113
Track_21,29.79239073590393,1.3060959577560425,0.018327683180649864,-1.139529328832541,0.00025455919250098094,1.0577707078236689,0.3790475757506943,0.12186325644108222,0.24072633052259265,-0.6951668027964144,0.34951839242775223,0.0005557522852000518,0.00038028628182650357
Track_21,73.74336148710675,0.7964000105857849,-0.011403752990779193,-0.5083957884341899,0.0005129483300437166,0.9064499938851759,0.3703472557124937,-0.03052359420686108,0.15221546337786762,-0.6948360454214526,0.34937548852076405,0.0005621241443296968,0.00037413975638707684
Track_21,43.255169709217064,1.2782219648361206,-0.01530379910417945,-0.8376084222262793,0.0004335703580389505,0.871552525489119,0.35759246492657754,-0.08639813586058735,0.1390170846579192,-0.694137483941943,0.348522424932929,0.0004711726567087324,0.00036376845082296397
Track_21,72.74393738826055,0.8163099884986877,-0.008147885948086955,0.15306055506729227,0.0005502983244025335,0.7512957941388881,0.35260356341691873,-0.04325230944940406,0.12005242739362841,-0.6894272419112434,0.34828853186486064,0.00047689522719284545,0.000359709849367878
Track_21,78.0127717375432,0.760562002658844,-0.02219055290078069,-0.6155530857548488,0.0003893107328143561,0.9493342371140923,0.37599136986931936,0.03611928501040698,0.2185175949160966,-0.6958336921094062,0.34948321676957783,0.0004802218933400295,0.00037836531386679787
Track_21,81.26059892453586,0.760562002658844,-0.02889784704476194,-0.393338755536184,0.0003333269327605516,0.9334130486532901,0.3753458725024851,0.03015423265174468,0.2111509323924252,-0.6915567543085585,0.349468606286524,0.0005424278504650637,0.00037784024515128897
Track_21,29.727298703037995,1.3060959577560425,0.018471628673887127,-1.0094533463393283,0.000253038217923723,1.0226764756604438,0.3693613945612,0.03478366317127635,0.15297092605253346,-0.6875372299684391,0.34936204734593435,0.000567753808829918,0.00037352734255228446
Track_21,92.75113643370736,0.7048140168190002,0.032346749659344025,-0.5681544034676789,0.00025266982376675334,0.9827629963343684,0.37817257715421054,0.0626394710140747,0.2363792862877684,-0.6948282004265462,0.3495096821991086,0.000502755735124191,0.00037973134897687535
Track_21,39.276969881883986,1.290168046951294,-0.009392778426223429,-0.6134848824181968,0.0004304992012955988,0.9552202786873057,0.3748033484601567,0.050850031731099796,0.21935571889825878,-0.6935840884636104,0.349445297849126,0.0005237342546022689,0.0003775010006143463
Track_21,51.35317937848589,0.8481659889221191,-0.003885330239663253,-0.8351702040899478,0.0005554268614089307,0.973360432186199,0.3761127103675963,-0.013920591732672554,0.22071846652473476,-0.6907696416559239,0.34948403049736243,0.0005347697350431043,0.00037833380757741234
Track_21,64.5902192028911,0.8322380185127258,-0.0025972755944956107,-1.0733032156568787,0.00019841483035301782,0.9449671962705681,0.37325059096373614,0.02999101647927106,0.2090849806576033,-0.6950978266842304,0.3494123239817555,0.0005122969876825809,0.0003763607549791494
Track_21,50.24851003299513,1.246366024017334,-0.008224063372658864,-0.8110638520931456,0.00037945954425464164,0.9337886907202446,0.3737536643608384,0.00588979448131984,0.20443065754981848,-0.6893850039787154,0.3494324672179453,0.0005387969945536581,0.0003766875881676559
Track_21,86.0280838394917,0.7565799951553345,-0.016003436568307685,-0.9791519737241496,0.00028258477283384803,0.9875663105917251,0.3776609556429103,0.04181939573477582,0.2317493816019018,-0.6978970044074405,0.34950275487748683,0.0005218810033467806,0.0003794137321295685
Track_21,84.34866608219019,0.8362200260162354,-0.02621733355600902,2.2390277443142557,0.0006157356627014384,0.9509454561694329,0.37600338072488654,0.04524204029079752,0.22035661610355387,-0.6966614427743448,0.34948409422373977,0.00048057136931897807,0.00037839806001613616
Track_21,46.0548223560983,0.8680760264396667,-0.012654100388583795,-0.3142192126252835,0.0002886648497997404,0.7364387232876555,0.3409547717628997,-0.03456364347265996,0.1065065747261036,-0.6849542314203924,0.3468898527439514,0.0005028320626981692,0.0003492853409643741
Track_21,95.62739359397202,1.1707079410552979,0.03717132821222957,-0.6203340069355524,0.00026854224842423776,0.9648594821274222,0.3750243948427119,0.07965505006718164,0.22406350515864862,-0.687152339716826,0.3494444270234256,0.0005242787448890695,0.0003775137408901631
Track_21,44.010270836161084,1.2662760019302368,-0.015288721837372664,-0.05335012621560496,0.00032282488021349084,0.9224482177346885,0.36031310845108416,-0.022640075132770558,0.13818799225207226,-0.6850321287220832,0.34868992740294874,0.00044111738964122297,0.00036490816549329506
Track_21,61.48723100523955,0.804364025592804,0.0028663954177334124,1.6191520432134636,0.0005782649498192688,0.6673819210360998,0.3020441845827766,-0.0749295341944523,0.08899866005902438,-0.6694745015780749,0.336541337885022,0.00038420072802302925,0.0003107036119210581
Track_21,41.28487729114858,0.8680760264396667,-0.011898892332559054,-0.2627670228316187,0.00035208984344570497,1.016761355653472,0.37842235757035136,0.0036183492261902496,0.25082294793735294,-0.6955071381297419,0.3495090383041611,0.0005495002084119846,0.00037988594546250315
Track_21,94.31308327796066,0.7127779722213745,0.03656180511260855,-0.5880719693096274,0.00032877823156262823,0.9151568823763383,0.37344805969845907,0.06851832535743592,0.2031781374266769,-0.6883005566778758,0.3494242321243915,0.0005392747344218153,0.00037651098486597175
Track_21,34.16141663706714,1.2981319427490234,0.007277694612510557,-0.3711700684302648,0.00024292784142359263,0.9916944347846827,0.3767055458080332,0.053146371546083454,0.22480469099304226,-0.6972653600388263,0.3494891667131897,0.0005315158926068233,0.0003787376457813064
Track_21,24.82818838010526,0.3862540125846863,0.004911201540380716,-0.18292444611966854,0.06437212491545026,1.0128305916041966,0.3778576821856396,0.1585494505889537,0.23067292679750243,-0.6975197773155968,0.34950616774778903,0.0006118370090701152,0.0003795663365877633
Track_21,55.252452005892856,1.282204031944275,0.0001414233122926342,-1.047877482358018,0.00032620938641721105,0.9791824497924617,0.3747438612184152,0.00209569085999228,0.21001693101646654,-0.6959745988936875,0.3494570596123658,0.0005150549938479895,0.00037746931374406297
Track_21,98.70549484805247,0.9795719981193542,0.021752201529268763,0.2663084724906411,0.00041897934698123984,0.7523099704344387,0.34338351508043824,0.06410015215713454,0.12027266673779406,-0.6731586606975641,0.3464166237508646,0.00037763676875174844,0.00034944602333756783
Track_21,90.85368033043832,1.1348700523376465,0.020984642862618624,1.33630030023131,0.0004945857186268946,0.9855948899845902,0.3779421623539677,0.05682612089511917,0.23933531445206824,-0.6957543939799259,0.34950861258344523,0.0004919531621276181,0.00037962453024991517
Track_21,79.69804797552794,1.0592119693756104,-0.025636040132432696,1.4769908122593343,0.00045626373634948133,0.7517526442480338,0.3528744894101153,-0.03338383962567093,0.11831392703542905,-0.6882937624564905,0.348322198339826,0.00047903756411616483,0.0003595382800231787
Track_21,90.78469115885477,1.178671956062317,0.020463767621642464,2.0773136552119564,0.000542984731297053,1.0464119000552232,0.38016952539642684,0.0593012808219526,0.2688898748202035,-0.6968114684013081,0.34952361467787435,0.0005132161282351357,0.00038097115210833414
Track_21,90.99164484810967,1.178671956062317,0.023143424686017655,1.5106032465778452,0.0004231073151737917,1.003127028907347,0.37852325317392455,0.05564086742741241,0.24654216253301395,-0.6951042100818582,0.34951201249489505,0.0005037359992188879,0.00037991509456944395
Track_21,61.7836268988877,1.2224739789962769,0.0021228980921913043,1.3555049377015558,0.0007228407073257821,0.9280858950844879,0.3749056260800255,0.031755993657529874,0.20274270241805398,-0.693200984574033,0.34946899158863054,0.0005470955613034849,0.00037758777259918735
Track_21,45.960486629757014,0.8680760264396667,-0.012358725045242009,-0.34019800124136224,0.00025462244899974453,0.9360890505978274,0.37459138918564094,0.02890277739700635,0.21085462576118427,-0.6946846652174645,0.3494522054630527,0.0005242798158821028,0.00037739945963606336
Track_21,81.5229756164749,0.7804719805717468,-0.030835060364542862,-1.1019333554466173,0.00042393704033815945,0.9765324212669814,0.37752646652253835,0.027959703736874515,0.22931396221134542,-0.6941965295612185,0.3495032481497318,0.0005388472014757914,0.0003793202212309014
Track_21,72.91849143684087,0.8163099884986877,-0.009260888047078076,0.1853109693894956,0.0005657020531226769,1.0005468198586407,0.37813600115203455,0.005157045307158233,0.246229400590934,-0.6944317539718262,0.349506194901812,0.0005308653014633411,0.000379703967383613
Track_21,50.46180268362262,1.246366024017334,-0.005758453412602249,0.24240334897909951,0.0004655071601397156,0.9908073314670344,0.3773641821782948,0.03885546274650867,0.22678055262238675,-0.6960002911611416,0.34950262301703094,0.0005388206448293118,0.0003792191224242316
Track_21,28.69225471363511,1.3498979806900024,0.020758623008541068,-0.34738602291033777,0.00022703005445909142,0.9642321262570374,0.374866793999499,0.043082016934832976,0.21117071620237274,-0.6972326503582273,0.3494637020839979,0.0005921950083778607,0.0003775461999276008
Track_21,79.55626004571639,0.8800219893455505,-0.023932775595651466,1.6376517305984657,0.0004845510618120239,0.9197557964044594,0.3746501646826462,0.028649706883384213,0.20732004131924647,-0.6961008962431886,0.34945422508074975,0.0004951590643450232,0.0003774102678338037
Track_21,41.79134935886269,0.8999320268630981,-0.012075401766895514,-0.16147950205745934,0.0004097248653364887,1.1276303617938674,0.38185833823716114,0.08550933427767343,0.40733329456953304,-0.6972045155482924,0.349526280809029,0.0005468630892697719,0.00038175920831515567
Track_21,94.37309028259838,0.7087960243225098,0.03663356303745373,-0.5790027255814655,0.00034535543317189624,0.8023287944336388,0.35471053938365094,0.010714944834784537,0.12282552726345429,-0.6767882327204938,0.3484888795748555,0.000575661666106146,0.00036109844566722753
Track_21,40.11570008016518,1.290168046951294,-0.00748769979864027,-0.08424630188852161,0.0002334593215024172,0.8489225346930004,0.33826414273342653,0.00519141144859948,0.10626641796195035,-0.6581464860780327,0.3458928086179987,0.0004576205913991295,0.00034606985807210893
Track_21,30.898228051773533,0.9835540056228638,0.020338895065443858,2.1572333258734346,0.0004325653211904206,0.9987538344037484,0.37717188464545065,0.109276357402481,0.22435806249229537,-0.6973970641421654,0.3494974761110881,0.0005992587603075504,0.00037912126694051527
Track_21,86.13123745078278,0.760562002658844,-0.01582065733253128,-0.7457402414031612,0.0002957507624434371,0.9633413261059304,0.3764130137804336,0.03932196166774489,0.22234368252807996,-0.697914634791504,0.34948433523419126,0.0005177504578921033,0.0003785848233048989
Track_21,33.27848185912008,0.9078959822654724,0.008002072951198523,-0.7607241006952065,0.0002091686519200625,1.0176684435057441,0.37811634720659776,0.018880400660056987,0.2426344432432528,-0.6945130393410581,0.3495069291034917,0.0005215511775246396,0.00037958079478219326
Track_21,35.304548698399124,0.8959500193595886,0.001281335210454466,-0.7291105167267486,0.00035512772323310275,0.9458813399269909,0.37406396351360305,0.018972193089907746,0.20204707050492213,-0.695448606879535,0.3494467959589506,0.000644121828989573,0.0003769733837393711
Track_21,68.06241125980728,0.8163099884986877,0.0008776428763445964,-0.20301547057825642,0.00038009335439658166,0.8618156962805843,0.37153078744913864,0.004767867425476714,0.1898778410785547,-0.691495670745441,0.34936441101207805,0.0005482989881591606,0.00037513007583599855
Track_21,89.51914361691172,0.7247239947319031,0.0060832465400751596,-1.048285199973878,0.00044952852521202316,1.0051539330353436,0.3771641079989588,0.06445503098128516,0.23791868599463192,-0.6934103865818508,0.34949048728012727,0.0005445211890628714,0.0003790411918667116
Track_21,36.643072371815876,1.3299880027770996,-0.00635197327561293,0.04201027128391266,0.0003921036375438987,0.8921485522121396,0.35400287139357356,-0.05923015030202014,0.13703626800511035,-0.6744008516118122,0.3482199826548869,0.0005320735906393948,0.00036044429439873463
Track_21,45.52341473652804,1.282204031944275,-0.014098457222255324,-0.3528756950602168,0.00035179872478610256,0.7241162163839281,0.33359737538462025,-0.06430271125687587,0.10062016214962995,-0.6807654593098524,0.34504356348289733,0.000422048491449142,0.00034106387976983284
Track_21,81.94344124163968,1.1985820531845093,-0.031160074279264167,-0.5541317006335236,0.00022875590418738558,0.8277067659447684,0.36067457516555607,-0.02131941188564693,0.1290366721384675,-0.6833959470329306,0.3489635642597829,0.0005874518027085223,0.0003662726084726007
Track_21,97.10320341357803,0.6888859868049622,0.04348326201529004,-0.2742170314034335,0.00037889245441498473,0.9765479954651777,0.3736691039800468,0.06144715268974711,0.19373026849819444,-0.694155954056696,0.3494350949975066,0.0004967972612587589,0.0003765406294765337
Track_21,60.37096457605338,1.2861859798431396,0.005646556364120664,0.49114908251729456,0.0005083192423427843,0.8956992044208361,0.373046887423028,0.012248153945215333,0.20258638215123423,-0.6981444321747153,0.34941000532133193,0.0005262374970437815,0.0003762733596744684
Track_21,32.54655763970432,0.9078959822654724,0.0121385889653182,-0.4897517445171247,0.0003105561045160337,1.0550951857033697,0.38010018396075435,0.09968081472377467,0.2635553701761899,-0.696500428073989,0.3495227859983008,0.0005429025020627752,0.00038091526005010646
Track_21,71.19543019707466,1.1906180381774902,-0.004202001071587739,-0.06106605381495981,0.0005032963345497942,0.9814820748599595,0.37740986367294665,0.009114178473153996,0.22937303193565783,-0.6931336121147503,0.34950288100825216,0.0005476648242497535,0.00037921473021199125
Track_21,39.233463630444305,1.290168046951294,-0.009537032873586121,-0.6584492041785345,0.0004416899995003484,0.8386109447249166,0.35520585272509986,-0.001796062560935524,0.13213915986231545,-0.6877957051064356,0.348242942076432,0.0004997745455908236,0.0003616651989072598
Track_21,31.605003529152505,0.9397519826889038,0.015216164421204716,0.12247141884275208,0.00022338071045457938,1.0748952716479385,0.379850102848925,0.1358358865154029,0.25736943887676544,-0.6956688703657801,0.3495218374774882,0.0005424876277240173,0.0003807688988459146
Track_21,74.16586802929692,0.804364025592804,-0.011294640452714166,0.2028683026623936,0.0006338647569140305,0.8411426460107768,0.36394694528535587,-0.04129153185609691,0.13522960062822711,-0.6896843424157633,0.3491029213538024,0.0005938318119695898,0.0003688440178988333
Track_21,30.82606906339049,1.1627440452575684,0.020495411672210886,2.014498362863825,0.0003937936627958135,1.0262501439481793,0.37845764328564196,0.12616320531367467,0.23556680658541163,-0.696940382083762,0.3495125098612353,0.0005852907833438854,0.00037994733358021976
Track_21,60.806739493493765,1.2662760019302368,0.004190602586203494,-0.21746517133241866,0.0004920163398024683,0.9434268749490253,0.374317750192974,0.03640433464310683,0.20388994019539294,-0.6942390992348004,0.34944972673890096,0.0005052365223403945,0.00037718224971834734
Track_21,75.46052407216398,0.7764899730682373,-0.02009903713572754,0.8988304093637557,0.0005536816637363621,1.0277348123797208,0.3792587783743824,0.05091510826972115,0.2476133321590604,-0.6960712649157935,0.34951913690062747,0.0005454522596635347,0.0003804146340312245
Track_21,66.63813022928176,1.246366024017334,0.0002488497408757865,-1.5441191493799564,0.0004733140188887537,0.8795043520333683,0.37182965265879203,0.015942875303983604,0.1939246990709737,-0.6955549382084582,0.3493657056667993,0.0004888427618225242,0.0003753782494496122
Track_21,36.903581263453354,1.3459160327911377,-0.0049381972915406415,0.21330604621067709,0.0004291685187546095,1.0182446031744092,0.37890265085977193,0.020916346180104562,0.25237570428650263,-0.6973342196441333,0.34951434703544587,0.0005711017793632868,0.0003802029851760305
Track_21,84.02687302016582,1.0472660064697266,-0.027404127976452686,2.3165646696535696,0.0005657779009126878,1.0295783012610622,0.3788874756453481,0.030183097566243884,0.25770483095737967,-0.6956741234920493,0.34951393561802824,0.0005382809102064073,0.0003801910060493763
Track_21,77.10925318410256,0.8879860043525696,-0.021952110175711224,2.251694023658299,0.0004198396919432787,0.6878777679713579,0.33094362583631254,-0.020236481630112227,0.09738326335987167,-0.6361428863568037,0.3449963210609454,0.0005410353695824654,0.0003388515295082738
Track_21,78.9476282902304,0.7764899730682373,-0.022805351253238418,0.3479111697031746,0.0004174415006510604,0.9576864919073221,0.3768326532612694,0.02957974265137418,0.22241227664045354,-0.6964351050749283,0.3494955527632748,0.000493003702855806,0.0003789157261175335
Track_21,31.545395301726597,0.9397519826889038,0.01540579436959265,-0.27382402739347805,0.00022223245635256383,1.0639844975215131,0.3700023977900203,0.09816542681964203,0.1599809025536393,-0.6864609371791015,0.3493295255746502,0.0005290145138600446,0.0003739119490252397
Track_21,30.97587977401419,0.9397519826889038,0.019992928338668694,1.7865580071575804,0.0003929802139113353,0.9690472318785407,0.37172194811647463,0.05795825453040658,0.1631998614742467,-0.7011564627758329,0.3493884087730814,0.0006327366063470734,0.00037530805694388687
Track_21,93.65178720944752,0.716759979724884,0.03530708310956305,-0.04272726230627163,0.0005722982108225592,0.9421502358845054,0.37590522907707613,0.06513951966960371,0.2179009085304586,-0.6920867327692631,0.34947522867161124,0.0005119011931247077,0.00037821523198007414
Track_21,52.326968809304944,0.8322380185127258,0.0002672910245506407,-1.0734611752624101,0.0003354753721562888,0.7425857861511929,0.34202765268086094,-0.01828361382145722,0.10685937482269049,-0.6936675070097327,0.3469882255391572,0.0004819259159535432,0.0003502412848677468
Track_21,44.79241317581382,1.2782219648361206,-0.01538953280742217,-0.5678761587013714,0.00039292399879629447,0.9708284915857179,0.37616862803202533,-0.006845872866793966,0.2184664239893695,-0.6934568708931397,0.3494866344214527,0.0005457934921147744,0.0003783953526790322
Track_21,59.42302784713494,0.8402019739151001,0.005642360525062748,1.4692513246933925,0.0005940554212206773,1.024175712873223,0.3771697762769456,0.05260033554072385,0.24094702564743403,-0.6963371116211098,0.3494930670670884,0.0005073694387138151,0.0003790402872020294
Track_21,73.01228981582739,0.7964000105857849,-0.01020238325313235,0.30722076219403016,0.0006000439150560185,1.0292602153765709,0.37974593740875473,0.01261420300793098,0.2618402239111386,-0.6958979991811896,0.3495206275712694,0.0005394772698967175,0.0003806952071479743
Track_21,95.83978307307757,1.1627440452575684,0.03630317962831921,-1.0788784557923576,0.00034524913174502,1.0197050774751462,0.3790483953955772,0.06018698030079106,0.2584213944244092,-0.695322561180953,0.3495145770350577,0.0005171561188122832,0.00038021608932103126
Track_21,43.66160295438018,1.2662760019302368,-0.014761602685770444,-0.19360244194679735,0.00037487055279828975,0.6164102652591608,0.318492472773123,-0.06605487890170576,0.08449601528613211,-0.6783050256210127,0.34242112508676925,0.0005400744432098731,0.0003273025764020497
Track_21,93.43703826953248,0.6968500018119812,0.03432437334665839,-0.11009824813963386,0.000619127444005584,0.9384053114208072,0.3757713784889461,0.0663167850054005,0.2134474924367357,-0.6937247724499177,0.34947537218019264,0.0005024271402539863,0.00037815129010336984
Track_21,42.10346243552321,0.8919680118560791,-0.012369377928105397,-0.5874833098124134,0.0002792347366479126,0.6643615026290108,0.3068039087410962,-0.05743006778170323,0.07840014493494207,-0.6865687819270098,0.337312997335551,0.00042100760355967814,0.0003141175196537684
Track_21,64.61716478836635,0.8322380185127258,-0.002536074183527815,-1.085739586859478,0.00020028606701783742,0.7566580125887814,0.33618641083124234,-0.030464056010922915,0.10618936381470048,-0.6950623462419329,0.34577430067646137,0.00047332023708647616,0.0003443160272085647
Track_21,70.75970096145754,1.1906180381774902,-0.0026957459569895716,1.0542767990134663,0.0005135951447810011,0.9606177329358719,0.37614737703971146,0.009869854230206487,0.2212367901279673,-0.6940642837707188,0.34948293775239037,0.0005432901684400837,0.0003783750290764951
Track_21,29.583550975754708,1.3180420398712158,0.019039710993335273,-0.6686069130576786,0.00022255497085967556,1.0429971565846847,0.3776538547255349,0.1111872589092372,0.2260181409892711,-0.6931043207193579,0.3495064961284192,0.0005498231976842797,0.00037937711903962557
Track_21,32.26913473814734,1.3021140098571777,0.013707967964766171,0.11949425601296979,0.0003386905235137676,0.9936557805742833,0.3776075025861164,0.07658331160314462,0.23246599140573107,-0.695821262575475,0.34950324573876834,0.0005498310269733637,0.00037941481801848195
Track_21,54.00621926814135,0.8521479964256287,0.005543081950888319,0.7249151918196022,0.0004282331357342747,0.9189840758778112,0.3738757168911177,0.024661464703661054,0.1985447538589768,-0.695136194878806,0.34943869708128367,0.0005449274762271187,0.0003768732358974596
Track_21,96.66697870513752,0.7247239947319031,0.040329532171397106,-0.8162567543405767,0.00033949628827923425,0.979136697901527,0.37644553856764784,0.0848978846490399,0.22768180492618353,-0.6898261971293854,0.3494872569363469,0.0005537704169812505,0.0003786108234581196
Track_21,67.80196066587717,0.7725080251693726,-0.0017979669231150896,-0.727993780314533,0.0003337976129111711,0.6972608916569782,0.34056088034217363,-0.035686565432466774,0.10200690847828976,-0.6863696382708013,0.3469068861496009,0.0005024586763325314,0.0003487916631222619
Track_21,94.07757566446506,0.7048140168190002,0.03740085330791772,-0.3253336940170265,0.00037240743512779187,0.9271099724385239,0.37463581471405716,0.06892388436705235,0.20743014713969374,-0.689046480076418,0.3494520397902907,0.0005340409999484747,0.00037734463756228275
Track_21,84.04530516851764,1.0472660064697266,-0.027376881084475384,2.0736530394651513,0.0005290758589779582,1.0275109433488874,0.37875161709988353,0.02968999021287183,0.25604912986961426,-0.6956233291837745,0.3495128327312806,0.0005374612895637044,0.00038010914019709406
Track_21,57.76979577028941,0.8083459734916687,0.001555540428620009,0.03670405179529573,0.00035042353915089433,1.101931038530253,0.38120067340038183,0.04761243366993169,0.3164917279678893,-0.6969766526158359,0.3495256611029449,0.0005350759146990381,0.0003814631962067232
Track_21,82.51721905146869,0.760562002658844,-0.028664382881131666,0.19445249374116422,0.000566329219144986,0.9361413492724513,0.37333543640462397,0.01814104390827396,0.20580098887372317,-0.6873990794176054,0.3494117776902337,0.0005284118291523034,0.00037631338280937955
Track_21,32.22459726841497,1.3021140098571777,0.013601871726665354,0.023677498238694614,0.00033822823515953506,1.0248571482316662,0.3790645776249665,0.0907117719671159,0.24703971511270092,-0.6965143793722305,0.34951702115751176,0.000550229515027958,0.0003803177234393558
Track_21,29.836699705420564,1.3060959577560425,0.018303285258259364,-1.1692812881813246,0.0002351758306912968,1.030240481687882,0.37762160002896716,0.11217858243484732,0.22457200693518675,-0.694662763683788,0.3495064880641221,0.0005756459195869974,0.0003794106349089705
Track_21,85.99992534927432,0.7565799951553345,-0.015989841239407977,-1.0720294176233272,0.0002944627422263699,0.9100369040534344,0.36867051714733146,-0.021289166748428408,0.15154493466562838,-0.6998328122783485,0.3492866541208538,0.000508308723378829,0.0003727702045885388
Track_21,83.45708536827938,0.7725080251693726,-0.027794940919380322,1.5513576436622822,0.0004737502709792459,0.9620682225782381,0.3748433393806556,0.011483631700203743,0.21607207524964073,-0.6878412868973467,0.34945027649968036,0.0005380685856809778,0.00037740566109569336
Track_21,39.466192537185705,1.3260060548782349,-0.008701153897813388,-0.41907239770148114,0.0002856505062931592,0.9350151905373149,0.37388354334107493,0.05304345156390057,0.21169221568722302,-0.6927755964980375,0.3494271565509303,0.0005217785964247824,0.00037688465285214416
Track_21,62.712389076088215,1.210528016090393,0.0008159401555263134,2.8047549696984,0.00044885009415660486,0.9029475236150009,0.3728893406069727,0.007245196331130278,0.19733551100045976,-0.6892833491367031,0.349410989216696,0.0005535886709429964,0.00037607751194241717
Track_21,68.57961280086715,1.2423839569091797,0.0018805366047027873,0.11952305508401519,0.0003337922981206792,0.6706178685451908,0.34069289032587474,-0.0494847745753106,0.10040071009157275,-0.6769211349405685,0.34691285753574813,0.0005963466999841961,0.0003483761690318073
Track_21,88.98712256775775,0.7446339726448059,0.005229482399097168,1.5331695363786177,0.0005500205129795371,1.0229993002104205,0.3786109708761758,0.06602744786969095,0.24641124205337564,-0.6941369622998869,0.34951215298707433,0.0005502527293683679,0.0003799662984235696
Track_21,68.35281368205641,0.8123279809951782,0.0008648312251586089,-0.9100409941627787,0.00029324286872331473,0.8916587017122398,0.3734196402154717,0.0020652863957170355,0.19729506319290857,-0.6924930026584533,0.3494282424117291,0.000571826285181447,0.0003765057432947991
Track_21,53.49605712149461,0.804364025592804,0.00407915593314101,-0.4513033755620831,0.0005161075759572455,0.4854396533127736,0.2910436775320072,-0.07883563779421443,0.0710934090511,-0.7076397458426947,0.3300758629746547,0.0005096908295889365,0.0002985435246183281
Track_21,50.5028413524482,1.246366024017334,-0.005298070308244546,0.5590000586646898,0.00047429257275742045,0.9824676613747079,0.3769104583507452,0.029690300570035258,0.22311690825508992,-0.6951924083215913,0.3494967474969884,0.000537478846983329,0.0003789197411653905
Track_21,54.53392681426745,1.2264560461044312,0.005278215720707933,2.822177924047617,0.0006812614272654495,0.6713147903846384,0.33771040973966493,-0.10643345387850671,0.09792585651675133,-0.7041962614426694,0.34657740056472447,0.0008586604745157577,0.0003463484058704504
Track_21,72.15978923014954,0.7446339726448059,-0.0057664943763206826,0.07531284674560781,0.0003311000130897275,1.050033227068719,0.3798867978948602,0.04179487071458424,0.2659008876955856,-0.6977020906374889,0.3495215666595682,0.0005215768765103272,0.00038079466640351326
Track_21,88.96775999149577,0.7446339726448059,0.005188559769350521,1.529618580067578,0.0005179925381375751,1.023431827141929,0.37865540412920684,0.06686767052376061,0.24622879424717414,-0.6940586181565986,0.3495129419225765,0.0005505206600046919,0.00037999574928046417
Track_21,56.71834288098217,0.8521479964256287,0.0009924393128583468,-0.5130964576511621,0.0002594806468990652,0.7803820075575643,0.3455953375870957,-0.1391969894020907,0.10494928622186081,-0.6969322774123704,0.3478031478188849,0.0007338487833873765,0.0003539359498420291
Track_21,40.651300189114195,0.8800219893455505,-0.00930853608692662,-0.5143571250917739,0.0002741241910893541,0.7909062681162436,0.3487191308562309,-0.026110859362071612,0.11487912484001833,-0.6998289206887134,0.3477220924950016,0.0006183406372021693,0.00035603768489325877
Track_21,39.7797730354294,1.290168046951294,-0.008157103012805594,-0.2202497472229357,0.00024177717279828942,1.0264361166686495,0.37719325734155457,0.08615138295390497,0.22966393234489965,-0.6925450828059606,0.3494965592605706,0.000513411581675706,0.0003791215123109555
Track_21,79.4958046441486,0.8521479964256287,-0.02351779333572574,1.3374581338566325,0.00045550833575413584,0.8565928364183537,0.37081443062051483,0.01879946778968762,0.19220008374498182,-0.6952028950753387,0.3493257830764775,0.0004720632740257336,0.00037461416467611964
Track_21,84.99719570454496,1.0034639835357666,-0.021907395150512456,1.2337827108960084,0.00043907945796133307,0.9821986364570874,0.3778030805910631,0.05252334753562386,0.2290855838088316,-0.6964803019883156,0.34950753187646655,0.0004960877824112334,0.00037954977214884456
Track_21,29.535260026763044,1.3220239877700806,0.01926827920144614,-0.5875697049632388,0.00022114566615467625,1.0072385474631922,0.3753015412992796,0.09109572260239328,0.2083174252439925,-0.6905014406790505,0.3494727205234394,0.0005710280940710827,0.0003778089903781695
Track_21,26.51618062713191,1.3698079586029053,0.002185781803356284,-0.8093752587710273,0.002642286714589208,1.053377870865186,0.37976724404960693,0.11057703018673724,0.2642287097579146,-0.6971479588322651,0.349520791597136,0.0005175088963715205,0.0003806680628721858
Track_21,67.67650966982407,0.768526017665863,-0.0006082043035121387,-0.37146527512027655,0.0003366381906925697,0.8994010963079753,0.37258320750339224,0.031509157740451085,0.19787590936168414,-0.6946957364078713,0.34940103213430784,0.0005028277590358032,0.00037594188750274124
Track_21,32.724005537522636,0.9078959822654724,0.010207640446109197,-0.9235920809366385,0.00026453412978262163,1.0817758881568327,0.3800588312369362,0.12264518000045012,0.2694177412253439,-0.6952637887455737,0.3495222463214001,0.0005258076508934539,0.00038087229277051544
Track_21,85.62842575398622,0.7446339726448059,-0.016633467760500537,0.5881531230965932,0.00044281175763453235,0.8703567270946213,0.36780959187232154,-0.019405615564359782,0.14784493490857226,-0.689968774586089,0.3492882824362905,0.00048126097216007787,0.000372271000041251
Track_21,45.524272526596775,1.282204031944275,-0.014079291673227289,-0.3526548081421464,0.0003511075556186853,0.7253948484299119,0.33393294824353953,-0.06445821088866337,0.10090619197356855,-0.6800746005794919,0.3451181200438051,0.00042325808361808997,0.0003413848347134413
Track_21,32.5445638860393,0.9078959822654724,0.0121385889653182,-0.4897517445171247,0.0003105561045160337,1.0539847292122368,0.3800657559963592,0.09915836748422971,0.2628919045438499,-0.6964929094016677,0.3495226410083518,0.000543008728256841,0.0003808961212259218
Track_21,93.13777874110664,0.6968500018119812,0.03339212902427949,-0.1036218050848299,0.0004717576310399522,0.9263094467910283,0.3747195703867464,0.062244233396914345,0.2113550917556537,-0.6992191288954247,0.3494518891462412,0.00048387182661471567,0.0003774733113441583
Track_21,34.23345690044485,1.3021140098571777,0.006787740541832837,-0.680464036827678,0.00024449064687423786,0.988215621997509,0.3767663979883711,0.012849274874969218,0.22229632611285216,-0.6958010995550821,0.3494929318707248,0.0005737159428369612,0.00037879108403308313
Track_21,43.52700915203198,1.2742400169372559,-0.015354985552658509,-0.5788959459199983,0.0003522787833377171,0.6665768977097241,0.3318590188541411,-0.08637435394765436,0.092748726367333,-0.6602358259097033,0.34569420841334686,0.0006922715430003233,0.000340879702304347
Track_21,33.30414131842244,0.9078959822654724,0.008003190547286348,-0.7286383136138258,0.0002547103787832219,1.0088612092833575,0.3775104749798081,0.012969625636784495,0.23739631062181688,-0.6940180582236999,0.349499307596442,0.0005176993172647808,0.00037916700399815524
Track_21,30.331525748167536,1.2981319427490234,0.020801392235211644,0.6816272351196051,0.00034523486556639626,1.0537931606080677,0.37877546015705205,0.13491065795492407,0.23771689757458303,-0.6949346537333431,0.3495162378905372,0.0005608448192573931,0.00038012749044812993
Track_21,58.58818173370316,0.8003820180892944,0.0017694213366379772,-0.6733878721806477,0.00035192062268649897,0.9129840278038359,0.37202735351937183,0.034839894316209985,0.2012899367638575,-0.6939755475988882,0.3493639216261251,0.0004903027369384231,0.0003754656954508306
Track_21,25.645725779874756,1.8675580024719238,-0.00279630278237164,3.712391937304593,0.006344968328214035,1.019249933245748,0.37788418409793983,0.15142354329801283,0.23284836200046366,-0.6950202398087351,0.3495057059985115,0.000569613239594899,0.0003795779766401658
Track_21,34.943777280581656,1.3339699506759644,0.00408025281957713,-0.3434059955930208,0.00034834480295267066,0.822426826409555,0.3526355398961546,-0.06172806348523295,0.11875790450240914,-0.6924145739834403,0.34820036350939976,0.0006699163167510366,0.00035912175502176674
Track_21,25.488727651306466,1.8675580024719238,-0.00279630278237164,6.2411104812535,0.01739972727478918,0.9598666749950642,0.37647386308512343,0.1112236489466246,0.2230925660140187,-0.7013517808345864,0.3494888467780661,0.0006298013217875076,0.0003786690220445165
Track_21,67.41998821844274,0.768526017665863,0.001286722167915886,-0.5695355792676338,0.0004402772830730518,0.8868020926220256,0.3726062314328377,0.023000822639562775,0.19429010575593514,-0.6938509170004687,0.34939870418524094,0.0005138952274380875,0.00037593566258802577
Track_21,74.40414407704165,0.7764899730682373,-0.014122169343349726,0.1608297770986546,0.00037795393877446186,0.967861213350148,0.3771643331731292,0.04382539350840291,0.21960986639759802,-0.6943314416754065,0.34950235653842776,0.0005468824654681218,0.0003791137198849929
Track_21,52.01914931970491,0.8640940189361572,-0.0007551004822016694,-1.2347130629687872,0.0004036132837334497,0.9726819334990515,0.37553143841694414,-0.011107278980720885,0.21748993742354353,-0.6897107366435331,0.3494721765630195,0.0005292341074166939,0.0003779144848304404
Track_21,46.12127182844096,0.8680760264396667,-0.012823284017370946,-0.2685142456289092,0.00030916710596859545,0.8928435437241372,0.37127261681986745,0.01705636833419997,0.19652739953751536,-0.6903966706298604,0.34934306035748663,0.000509414517429031,0.00037497662766509883
Track_21,60.66609882982455,1.2861859798431396,0.004727506979179452,-0.4379076888083874,0.0003858949602649655,0.890444331311892,0.3722020839967474,0.020220073335884704,0.19395736310371667,-0.6945735845305966,0.34938385571879504,0.0005108984705440362,0.000375668088965731
Track_21,89.55367825846884,0.7247239947319031,0.006007111992622758,-1.1459690428256546,0.00048053658909812005,1.0077372743366708,0.37763211485155934,0.0689432765025556,0.23707792495630498,-0.692726980219936,0.349501536165738,0.0005494406358208555,0.0003793393004364036
Track_21,87.6921885547475,0.6968500018119812,-0.009321215987026767,-0.7397605123372981,0.0006033962287367325,0.7506991682765223,0.32860751567439983,-0.004421943918885316,0.09245123425174571,-0.6346045741573574,0.34449816701252434,0.0005279312733126695,0.0003358386105679781
Track_21,24.716252721611795,0.3862540125846863,0.004911201540380716,-0.5169079169494732,0.06260115007780197,1.0215626837167398,0.3778231801586841,0.15817096517058446,0.22980761915565834,-0.6960346116217819,0.34950635448474804,0.0005995191967728659,0.00037954356960676213
Track_21,35.47843786271669,0.8680760264396667,0.00016826975075054314,0.09273376269719391,0.00037124039531005965,1.0039968879661645,0.37712756575630735,0.05074389367125294,0.22087602535972503,-0.6951214076515525,0.3494990965803905,0.000555614408521946,0.00037898906914153705
Track_21,39.78620649423713,1.290168046951294,-0.008171059035206424,-0.2221366398727488,0.00024135385741093845,1.0245423624804926,0.37713227683851325,0.08502804163435386,0.22907808944241503,-0.6924959502330066,0.3494957017894459,0.0005132226247575683,0.0003790812800189901
Track_21,40.772004414277674,0.8800219893455505,-0.010196111051304519,-0.5438587862569829,0.00028681621489493514,0.6818281212974014,0.3350287899934627,-0.05637398904179319,0.10180341724636194,-0.7173803471938669,0.34557324224082425,0.0006789194945849022,0.0003435924138795145
Track_21,65.86744192061059,0.804364025592804,-0.0022075187295904006,-0.5324331758173318,0.0004902208281852632,0.8621112250300045,0.3706107432242577,0.013685176738522466,0.19162723092760922,-0.6949632950681051,0.3493181690188282,0.00046761768895325364,0.0003744854144652639
Track_21,53.783846694193876,0.8561300039291382,0.005246539371534851,0.2693457115073058,0.00045319287186129154,0.8893394068309577,0.372650042392732,0.02433773025264125,0.19727832060419906,-0.6993937892919279,0.34939561875224673,0.0005560103442476161,0.00037597493760381046
Track_21,25.16686700034849,1.8675580024719238,-0.00279630278237164,2.464938958435348,0.04078127729294587,1.0031194604265532,0.37883378091884184,0.12683492402608162,0.24395441373173268,-0.7012182249934032,0.3495159621396502,0.0006201212897623202,0.0003801755773070922
Track_21,50.45840377962885,1.246366024017334,-0.0057735278287059325,0.23643783557582218,0.00046648277193156836,0.9900047063356342,0.3773067858149486,0.039045766441068955,0.22630002440439767,-0.6960229163279902,0.34950192176732464,0.0005384910481191845,0.00037918080479593303
Track_21,62.165275849821754,1.2224739789962769,0.001141776295780266,0.1532681372670357,0.00048522016693016833,0.9088373840625614,0.37313129642362053,0.03110112520442434,0.1960350181690656,-0.6917190609763925,0.34942105876860924,0.0005285734648063985,0.00037623709220689747
Track_21,29.25407322270917,1.3140599727630615,0.019822574268694215,-0.5755236701770298,0.0002313559094083443,1.0522953144403075,0.3778602938799738,0.11862631169966852,0.23054929610613817,-0.693216785001532,0.34950688341712516,0.0005289672512900246,0.0003794682984316273
Track_21,86.31415442262369,0.7725080251693726,-0.01503545398184334,-1.0623002557704626,0.0003346074821618539,0.9756343829145586,0.3770531529990467,0.04103274830827704,0.22787769031325691,-0.6977798379879822,0.3494945567489807,0.0005250151770771537,0.0003790165915755175
Track_21,25.3779998996878,1.8675580024719238,-0.00279630278237164,6.2411104812535,0.01739972727478918,0.9311552858281142,0.372771980357874,0.05835617582497217,0.17335828615591498,-0.7050054299294497,0.3494305605550699,0.0006458821837309322,0.0003761567654179869
Track_21,93.43964568569587,0.6968500018119812,0.0343322897433932,-0.11099035585836704,0.0006194804275203031,0.9369142249468405,0.37569340220116204,0.06635045383494768,0.21301910575318536,-0.6936735361292968,0.3494738311163812,0.0005020230492898828,0.00037809786490484293
Track_21,29.054557245295538,1.3419339656829834,0.019621892121209895,-0.8552399480744586,0.0002705847520357584,0.9980780238909273,0.3759888537759818,0.08491336510671646,0.21347454090382217,-0.6951004729489739,0.34948355822611865,0.0005861864675689406,0.0003783304580216669
Track_21,87.10296695390616,0.7127779722213745,-0.009783150888923666,-0.5461974134727364,0.00039196783783779107,0.940655116887614,0.3748269507942671,0.052706898825709655,0.21631762585840053,-0.6931324637815677,0.3494536049276914,0.0005088832043727226,0.00037747945787590853
Track_21,91.7095096496634,0.7326880097389221,0.028023871440633105,-0.6255374247509333,0.0004704655070712368,0.9155195724560529,0.3744659193491094,0.06319530638661876,0.2137725668017855,-0.6953176556347165,0.3494524211695329,0.00046327360505283774,0.0003773294045526621
Track_21,97.70705125848019,0.6729580163955688,0.039660224507998866,-0.26845793370825544,0.0002447364876253406,1.026137351208934,0.3786337690244826,0.05163437167289717,0.26431709412604526,-0.6980333045623917,0.34951046257740015,0.0005252526121875113,0.00038004928142714074
Track_21,83.86323392424389,1.0472660064697266,-0.027471556673308768,2.231538706156238,0.0006516685003157606,0.9636055146484879,0.37492279487914343,0.029931709715082955,0.22325612028277445,-0.6923933714478627,0.349438482738999,0.0005374519940200841,0.00037746798850346234
Track_21,82.10505743746765,0.7804719805717468,-0.030974611806634224,1.472562856493522,0.0006604281430061056,0.6433504230369027,0.3129090987605841,-0.025528349436168583,0.0804880061455049,-0.627001439699109,0.3402655880573773,0.0004981580475896722,0.0003195016078997434
Track_21,71.4231136460951,1.1906180381774902,-0.004613008642703981,-0.54082170365044,0.0004243027561510291,0.9747508941466067,0.3772970182831735,0.027565769293577597,0.2274273533833471,-0.6964466023262347,0.34950279235418785,0.000491537143944426,0.0003792461911982969
